aggregated_crossings_id,barrier_id,internal_name,crossing_source,crossing_feature_type,crossing_type_code,barrier_status,transport_line_structured_name_1,rail_track_name,blue_line_key,watercourse_name,road_name,structure_type,structure_owner,private_owner_details,structure_list_status,assessment_type_completed,reason_for_exclusion,method_of_exclusion,partial_passability,partial_passability_notes,upstream_habitat_quality,constructability,estimated_cost_$,priority,type_of_rehabilitation,rehabilitated_by,rehabilitated_date,estimated_rehabilitation_cost_$,actual_project_cost_$,next_steps,timeline_for_next_steps,lead_for_next_steps,others_involved_in_next_steps,reason,notes,supporting_links,modelled_crossing_id,pscis_status,crossing_subtype_code,pscis_road_name,pscis_stream_name,pscis_assessment_comment,pscis_assessment_date,dam_name,dam_height,dam_owner,dam_use,dam_operating_status,utm_zone,utm_easting,utm_northing,downstream_route_measure,wscode,localcode,watershed_group_code,gnis_stream_name,barriers_anthropogenic_dnstr,barriers_anthropogenic_dnstr_count,barriers_anthropogenic_habitat_wcrp_upstr,barriers_anthropogenic_habitat_wcrp_upstr_count,barriers_ch_cm_co_pk_sk_dnstr,barriers_st_dnstr,barriers_wct_dnstr,ch_spawningrearing_km,ch_spawningrearing_belowupstrbarriers_km,sk_spawningrearing_km,sk_spawningrearing_belowupstrbarriers_km,all_spawningrearing_km,all_spawningrearing_belowupstrbarriers_km,ch_spawningrearing_set_id,ch_spawningrearing_total_hab_gain_set,ch_spawningrearing_num_barriers_set,ch_spawningrearing_avg_gain_per_barrier,ch_spawningrearing_dnstr_set_ids,ch_spawningrearing_rank_avg_gain_per_barrier,ch_spawningrearing_rank_avg_gain_tiered,ch_spawningrearing_rank_total_upstr_hab,ch_spawningrearing_rank_combined,ch_spawningrearing_tier_combined,sk_spawningrearing_set_id,sk_spawningrearing_total_hab_gain_set,sk_spawningrearing_num_barriers_set,sk_spawningrearing_avg_gain_per_barrier,sk_spawningrearing_dnstr_set_ids,sk_spawningrearing_rank_avg_gain_per_barrier,sk_spawningrearing_rank_avg_gain_tiered,sk_spawningrearing_rank_total_upstr_hab,sk_spawningrearing_rank_combined,sk_spawningrearing_tier_combined,all_spawningrearing_set_id,all_spawningrearing_total_hab_gain_set,all_spawningrearing_num_barriers_set,all_spawningrearing_avg_gain_per_barrier,all_spawningrearing_dnstr_set_ids,all_spawningrearing_rank_avg_gain_per_barrier,all_spawningrearing_rank_avg_gain_tiered,all_spawningrearing_rank_total_upstr_hab,all_spawningrearing_rank_combined,all_spawningrearing_tier_combined,label_in_wcrp
1004300283,,,MODELLED CROSSINGS,"ROAD, RESOURCE/OTHER",OBS,PASSABLE,,,356357053,,,,,,,,,,,,,,,,,,,,,,,,,,,,4300283,,,,,,,,,,,,9,654106,6203011,2001.312034,100.567134.179319.815989.532920.992397.529064.127697,100.567134.179319.815989.532920.992397.529064.127697.048751,DRIR,,,0,,,,,,4.42,4.42,0,0,4.42,4.42,,,,,,,,,,,,,,,,,,,,,,,,,,,,,,,no
1004300370,,,MODELLED CROSSINGS,"ROAD, RESOURCE/OTHER",OBS,PASSABLE,Ankwill FSR,,356359507,,,,,,,,,,,,,,,,,,,,,,,,,,,,4300370,,,,,,,,,,,,9,669458,6178303,122.3716098,100.567134.179319.815989.532920.992397.088642,100.567134.179319.815989.532920.992397.088642,DRIR,,,0,,,,,,4.23,4.23,2.66,2.66,4.23,4.23,,,,,,,,,,,,,,,,,,,,,,,,,,,,,,,no
1004300374,1004300374,ANK-02A,MODELLED CROSSINGS,"ROAD, RESOURCE/OTHER",CBS,POTENTIAL,Ankwill FSR,,356275457,Tributary to Driftwood River,Ankwill Creek FSR,Stream crossing - CBS,,,Excluded structure,Barrier assessment,No key upstream habitat,Field assessment,,,,,,,,,,,,,,,,No stream,Culvert not located on a stream. ,,4300374,,,,,,,,,,,,9,671692,6176233,669.2062271,100.567134.179319.815989.532920.992397.026266,100.567134.179319.815989.532920.992397.026266,DRIR,,,0,,,,,,0,0,0,0,0,0,,,,,,,,,,,,,,,,,,,,,,,,,,,,,,,no
1004300434,,,MODELLED CROSSINGS,"ROAD, RESOURCE/OTHER",OBS,PASSABLE,,,356363562,,,,,,,,,,,,,,,,,,,,,,,,,,,,4300434,,,,,,,,,,,,9,657004,6191485,2704.088113,100.567134.179319.815989.532920.992397.376822,100.567134.179319.815989.532920.992397.376822.133141,DRIR,,,0,,,,,,0.14,0.14,0,0,0.14,0.14,,,,,,,,,,,,,,,,,,,,,,,,,,,,,,,no
1012600749,,,MODELLED CROSSINGS,"ROAD, RESOURCE/OTHER",OBS,PASSABLE,Rainbow-Pipe FSR,,356357268,,,,,,,,,,,,,,,,,,,,,,,,,,,,12600749,,,,,,,,,,,,10,432577,6097050,21487.28352,100.567134.179319.815989.290384.989223.621436,100.567134.179319.815989.290384.989223.621436.644685,LTRE,,,0,,,,,,0.66,0.66,0,0,0.66,0.66,,,,,,,,,,,,,,,,,,,,,,,,,,,,,,,no
1012600942,,,MODELLED CROSSINGS,"ROAD, RESOURCE/OTHER",OBS,PASSABLE,,,356363465,,,,,,,,,,,,,,,,,,,,,,,,,,,,12600942,,,,,,,,,,,,10,399861,6072236,5880.487628,100.567134.179319.815989.290384.710664,100.567134.179319.815989.290384.710664.104581,LTRE,Grostete Creek,,0,,,,,,5.66,5.66,0,0,5.66,5.66,,,,,,,,,,,,,,,,,,,,,,,,,,,,,,,no
1012601231,,,MODELLED CROSSINGS,"ROAD, RESOURCE/OTHER",OBS,PASSABLE,,,356363465,,,,,,,,,,,,,,,,,,,,,,,,,,,,12601231,,,,,,,,,,,,10,392997,6076924,20835.92119,100.567134.179319.815989.290384.710664,100.567134.179319.815989.290384.710664.430527,LTRE,Grostete Creek,,0,,,,,,3.64,3.64,0,0,3.64,3.64,,,,,,,,,,,,,,,,,,,,,,,,,,,,,,,no
1013501298,1013501298,KAZ-1.1,MODELLED CROSSINGS,"ROAD, RESOURCE/OTHER",CBS,POTENTIAL,Kazchek FSR,,356342180,Tributary to Middle River,300 FSR,Stream crossing - CBS,,,Excluded structure,Barrier assessment,No key upstream habitat,Field assessment,,,,,,,,,,,,,,,,Site not naturally accessible to salmon,Natural falls/cascade 20 m downstream. No modeled accessible habitat,,13501298,,,,,,,,,,,,10,342762,6102899,871.5374767,100.567134.179319.815989.532920.279524,100.567134.179319.815989.532920.279524,MIDR,,,0,,,2.25457E+13,,,0,0,0,0,0,0,,,,,,,,,,,,,,,,,,,,,,,,,,,,,,,no
1019300200,,,MODELLED CROSSINGS,"ROAD, RESOURCE/OTHER",OBS,PASSABLE,,,356358537,,,,,,,,,,,,,,,,,,,,,,,,,,,,19300200,,,,,,,,,,,,10,404025,6026941,15185.72131,100.567134.179319.630270,100.567134.179319.630270.290487,STUL,Sowchea Creek,,0,,,,,,13.88,13.88,4.38,4.38,13.88,13.88,,,,,,,,,,,,,,,,,,,,,,,,,,,,,,,no
1019300290,1019300290,Whitefish Cr @ branch off 6300 Rd (1019300290) ,MODELLED CROSSINGS,"ROAD, RESOURCE/OTHER",CBS,POTENTIAL,,,356364687,,,,,,,,,,,,,,,,,,,,,,,,,,,,19300290,,,,,,,,,,,,10,368058,6049635,8917.534428,100.567134.179319.910475,100.567134.179319.910475.290201,STUL,Whitefish Creek,,0,,,,,,0.42,0.42,23.41,23.41,23.41,23.41,622,0.42,1,0.42,,14,22,14,14,B,2172,23.41,1,23.41,,2,2,2,2,A,312,23.41,1,23.41,,3,3,3,3,A,yes
1019300424,1019300424,Pitka Cr @ Private 3 (1019300424),MODELLED CROSSINGS,"ROAD, RESOURCE/OTHER",CBS,POTENTIAL,,,356357216,,,,,,,,,,,,,,,,,,,,,,,,,,,,19300424,,,,,,,,,,,,10,415239,6028726,7012.583076,100.567134.179319.612053,100.567134.179319.612053.152920,STUL,Pitka Creek,1019301062;1019301069,2,204001,1,,,,7.04,4.78,4.78,4.78,7.04,4.78,1242,8.67,4,2.1675,,10,10,7,9,A,622,6.41,3,2.136666667,,11,11,4,6,A,622,8.67,4,2.1675,,13,13,8,11,B,yes
1019301062,1019301062,Pitka Cr @ Private 2 (1019301062),MODELLED CROSSINGS,"ROAD, RESOURCE/OTHER",CBS,POTENTIAL,,,356357216,,,,,,,,,,,,,,,,,,,,,,,,,,,,19301062,,,,,,,,,,,,10,415210,6028995,6700.756888,100.567134.179319.612053,100.567134.179319.612053.131625,STUL,Pitka Creek,1019301069,1,1019300424;204001,2,,,,7.35,0.31,5.09,0.31,7.35,0.31,1242,8.67,4,2.1675,,10,10,7,9,A,622,6.41,3,2.136666667,,11,11,4,6,A,622,8.67,4,2.1675,,13,13,8,11,B,yes
1019301069,1019301069,Pitka Cr @ Private 1 (1019301069),MODELLED CROSSINGS,"ROAD, RESOURCE/OTHER",CBS,POTENTIAL,,,356357216,,Private,,,,,,,,,,,,,,,,,,,,,,,,,,19301069,,,,,,,,,,,,10,414491,6029837,5379.341794,100.567134.179319.612053,100.567134.179319.612053.114251,STUL,Pitka Creek,,0,1019300424;1019301062;204001,3,,,,8.67,1.32,6.41,1.32,8.67,1.32,1242,8.67,4,2.1675,,10,10,7,9,A,622,6.41,3,2.136666667,,11,11,4,6,A,622,8.67,4,2.1675,,13,13,8,11,B,yes
1019301391,,,MODELLED CROSSINGS,"ROAD, RESOURCE/OTHER",OBS,PASSABLE,,,356364687,,,,,,,,,,,,,,,,,,,,,,,,,,,,19301391,,,,,,,,,,,,10,367577,6049705,8397.0348,100.567134.179319.910475,100.567134.179319.910475.290201,STUL,Whitefish Creek,,0,1019300290,1,,,,0.95,0.53,23.93,0.52,23.93,0.52,,,,,,,,,,,,,,,,,,,,,,,,,,,,,,,no
1019301706,,,MODELLED CROSSINGS,"ROAD, RESOURCE/OTHER",OBS,PASSABLE,,,356361463,,,,,,,,,,,,,,,,,,,,,,,,,,,,19301706,,,,,,,,,,,,10,393226,6032200,8802.022846,100.567134.179319.630270.550176,100.567134.179319.630270.550176.364892,STUL,Nielsp Creek,,0,,,,,,0.08,0.08,0,0,0.08,0.08,,,,,,,,,,,,,,,,,,,,,,,,,,,,,,,no
1019301907,,,MODELLED CROSSINGS,"ROAD, RESOURCE/OTHER",OBS,PASSABLE,,,356360517,,,,,,,,,,,,,,,,,,,,,,,,,,,,19301907,,,,,,,,,,,,10,423967,6034835,8828.259814,100.567134.179319.596213,100.567134.179319.596213.299893,STUL,Nahounli Creek,,0,,,,,,3.63,3.63,0,0,3.63,3.63,,,,,,,,,,,,,,,,,,,,,,,,,,,,,,,no
1019302554,,,MODELLED CROSSINGS,"ROAD, DEMOGRAPHIC",OBS,PASSABLE,Spencer Pit 2 Rd,,356357216,,,,,,,,,,,,,,,,,,,,,,,,,,,,19302554,,,,,,,,,,,,10,416041,6023391,14508.76432,100.567134.179319.612053,100.567134.179319.612053.312522,STUL,Pitka Creek,204001;1019300424;1019301062;1019301069,4,,,,,,0.64,0.64,0,0,0.64,0.64,,,,,,,,,,,,,,,,,,,,,,,,,,,,,,,no
1019302652,,,MODELLED CROSSINGS,"ROAD, RESOURCE/OTHER",OBS,PASSABLE,,,356356163,,,,,,,,,,,,,,,,,,,,,,,,,,,,19302652,,,,,,,,,,,,10,401548,6024842,2502.710003,100.567134.179319.630270.396609,100.567134.179319.630270.396609.104744,STUL,Marie Creek,,0,,,,,,1.44,1.44,0,0,1.44,1.44,,,,,,,,,,,,,,,,,,,,,,,,,,,,,,,no
1020000000,,,MODELLED CROSSINGS,"ROAD, DEMOGRAPHIC",OBS,PASSABLE,Lake Shore Dr,,356359980,,,,,,,,,,,,,,,,,,,,,,,,,,,,20000000,,,,,,,,,,,,10,311715,6152636,956.4348692,100.567134.179319.815989.532920.767804,100.567134.179319.815989.532920.767804,TAKL,Hudson Bay Creek,,0,,,,,,7.01,7.01,3.19,3.19,7.01,7.01,,,,,,,,,,,,,,,,,,,,,,,,,,,,,,,no
1020000184,1020000184,Teegee Creek @ unnamed (1020000184),MODELLED CROSSINGS,"ROAD, RESOURCE/OTHER",CBS,POTENTIAL,,,356359054,Teegee Creek,unnamed,,,,,,,,,,,,,,,,,,,,,,,,,,20000184,,,,,,,,,,,,9,684469,6167670,5121.161662,100.567134.179319.815989.532920.881436,100.567134.179319.815989.532920.881436,TAKL,,,0,1200000035;203996;204008;204010,4,,,,14.03,0.12,2.24,0.12,14.03,0.12,7442,14.03,5,2.806,,8,8,2,5,A,7442,2.22,2,1.11,,13,13,12,13,B,8682,14.03,5,2.806,,10,10,4,6,A,yes
1020000762,,,MODELLED CROSSINGS,"ROAD, RESOURCE/OTHER",OBS,PASSABLE,Driftwood FSR,,356359054,,,,,,,,,,,,,,,,,,,,,,,,,,,,20000762,,,,,,,,,,,,9,684896,6167479,6366.942774,100.567134.179319.815989.532920.881436,100.567134.179319.815989.532920.881436.219413,TAKL,,204010;1020000184,2,1200000035;203996;204008,3,,,,12.78,0.97,0.99,0.97,12.78,0.97,,,,,,,,,,,,,,,,,,,,,,,,,,,,,,,no
1020000776,,,MODELLED CROSSINGS,"ROAD, RESOURCE/OTHER",OBS,PASSABLE,Driftwood FSR,,356352148,,,,,,,,,,,,,,,,,,,,,,,,,,,,20000776,,,,,,,,,,,,9,680648,6173059,3733.936796,100.567134.179319.815989.532920.947799,100.567134.179319.815989.532920.947799,TAKL,,,0,,,,,,11.27,11.27,0,0,11.27,11.27,,,,,,,,,,,,,,,,,,,,,,,,,,,,,,,no
1020000784,,,MODELLED CROSSINGS,"ROAD, RESOURCE/OTHER",OBS,PASSABLE,Driftwood FSR,,356361497,,,,,,,,,,,,,,,,,,,,,,,,,,,,20000784,,,,,,,,,,,,9,673951,6179655,4477.361538,100.567134.179319.815989.532920.997351,100.567134.179319.815989.532920.997351.144432,TAKL,Bates Creek,,0,,,,,,16.66,16.66,0.52,0.52,16.66,16.66,,,,,,,,,,,,,,,,,,,,,,,,,,,,,,,no
1020000927,1020000927,25 Mile Cr @ Unnamed FSR (1020000927),MODELLED CROSSINGS,"ROAD, RESOURCE/OTHER",CBS,POTENTIAL,,,356355475,,,,,,,,,,,,,,,,,,,,,,,,,,,,20000927,,,,,,,,,,,,10,327821,6127531,1717.101117,100.567134.179319.815989.532920.541050,100.567134.179319.815989.532920.541050,TAKL,,,0,,,,,,0,0,0.33,0.33,0.33,0.33,2172,0,1,0,,,,,,,1242,0.33,1,0.33,,14,19,15,14,B,1862,0.33,1,0.33,,18,27,19,18,B,yes
1020000931,1020000931,Narrows Cr @ Unnamed FSR (1020000931),MODELLED CROSSINGS,"ROAD, RESOURCE/OTHER",OBS,PASSABLE,,,356350149,,,,,,,,,,,,,,,,,,,,,,,,,,,,20000931,,,,,,,,,,,,10,329912,6119628,5872.292931,100.567134.179319.815989.532920.457753,100.567134.179319.815989.532920.457753.190044,TAKL,,,0,,,,,,0.59,0.59,0,0,0.59,0.59,,,,,,,,,,,,,,,,,,,,,,,,,,,,,,,no
1020001265,,,MODELLED CROSSINGS,RAIL,OBS,PASSABLE,,None,356355475,,,,,,,,,,,,,,,,,,,,,,,,,,,,20001265,,,,,,,,,,,,10,327422,6127963,889.1966745,100.567134.179319.815989.532920.541050,100.567134.179319.815989.532920.541050,TAKL,,,0,1020000927,1,,,,0.83,0.83,1.16,0.83,1.16,0.83,,,,,,,,,,,,,,,,,,,,,,,,,,,,,,,no
1020001275,1020001275,TAK-2 (1020000018),MODELLED CROSSINGS,RAIL,OBS,PASSABLE,,None,356330991,Tributary to Takla Lake ,Railway,Stream crossing - OBS,CN,,Excluded structure,Other,Passable,Local knowledge,,,,,,,,,,,,,,,,CN database indicates that this is a bridge,,,20001275,,,,,,,,,,,,10,327005,6129145,922.552172,100.567134.179319.815989.532920.548566,100.567134.179319.815989.532920.548566,TAKL,,,0,,,,,,0.6,0.6,0,0,0.6,0.6,,,,,,,,,,,,,,,,,,,,,,,,,,,,,,,no
1020001281,1020001281,Tliti Cr @ Railway (1020001281),MODELLED CROSSINGS,RAIL,CBS,POTENTIAL,,None,356272780,,,,,,,,,,,,,,,,,,,,,Engage with partners,,,,"Early Stuart Wild Salmon Policy report notes habitat low due to steepness, with maybe first 50 m used. Any values beyond this point or should this stream be removed from model?",,,20001281,,,,,,,,,,,,10,320672,6141676,800.9362252,100.567134.179319.815989.532920.656620,100.567134.179319.815989.532920.656620,TAKL,Tliti Creek,,0,,,,,,0,0,1.12,1.12,1.12,1.12,2482,0,1,0,,,,,,,1552,1.12,1,1.12,,12,12,13,12,B,2172,1.12,1,1.12,,15,14,15,14,B,yes
1020001378,,,MODELLED CROSSINGS,"ROAD, RESOURCE/OTHER",OBS,PASSABLE,,,356343575,,,,,,,,,,,,,,,,,,,,,,,,,,,,20001378,,,,,,,,,,,,9,686458,6120981,29621.91018,100.567134.179319.815989.532920.447529,100.567134.179319.815989.532920.447529.678340,TAKL,Macdougall Creek,203995,1,,,,,,0.12,0.12,3.32,3.32,3.32,3.32,,,,,,,,,,,,,,,,,,,,,,,,,,,,,,,no
1020001538,1020001538,Dust Cr @ branch of Beaverdale Rd (1020001538),MODELLED CROSSINGS,"ROAD, RESOURCE/OTHER",CBS,POTENTIAL,,,356356811,,,,,,,,,,,,,,,,,,,,,,,,,,,,20001538,,,,,,,,,,,,9,677980,6142953,49216.49029,100.567134.179319.815989.532920.447917,100.567134.179319.815989.532920.447917.701394,TAKL,Dust Creek,,0,,,,,,10.15,10.15,3.17,3.17,10.15,10.15,2792,10.15,1,10.15,,2,2,3,2,A,3102,3.17,1,3.17,,6,6,9,7,A,2482,10.15,1,10.15,,5,5,6,5,A,yes
1024200019,1024200019,Paula Cr @ Unnamed (24200019),MODELLED CROSSINGS,"ROAD, RESOURCE/OTHER",CBS,POTENTIAL,,,356327433,,,,,,,,,,,,,,,,,,,,,,,,,,,,24200019,,,,,,,,,,,,10,341656,6078740,10841.85346,100.567134.179319.815989.780459,100.567134.179319.815989.780459.480051,UTRE,Paula Creek,1200000017;1200000012,2,,,,,,1.69,1.69,0,0,1.69,1.69,8993,1.69,1,1.69,"[ ""8992"" ]",11,18,11,13,B,3413,0,1,0,"[ ""3412"" ]",,,,,,2793,1.69,1,1.69,"[ ""2792"" ]",14,23,14,17,B,yes
1024703291,,,MODELLED CROSSINGS,"ROAD, RESOURCE/OTHER",OBS,PASSABLE,,,356199283,,,,,,,,,,,,,,,,,,,,,,,,,,,,24703291,,,,,,,,,,,,10,365887,6054356,727.2422371,100.567134.179319.922359,100.567134.179319.922359,STUL,,,0,,,,,,0,0,0.01,0.01,0.01,0.01,,,,,,,,,,,,,,,,,,,,,,,,,,,,,,,no
1024703292,,,MODELLED CROSSINGS,"ROAD, RESOURCE/OTHER",OBS,PASSABLE,,,356185109,,,,,,,,,,,,,,,,,,,,,,,,,,,,24703292,,,,,,,,,,,,10,365510,6054709,647.787044,100.567134.179319.924817,100.567134.179319.924817,STUL,,,0,,,,,,0,0,0.21,0.21,0.21,0.21,,,,,,,,,,,,,,,,,,,,,,,,,,,,,,,no
1024704284,,,MODELLED CROSSINGS,"ROAD, DEMOGRAPHIC",OBS,PASSABLE,Stuart Dr W,,356360517,,,,,,,,,,,,,,,,,,,,,,,,,,,,24704284,,,,,,,,,,,,10,418251,6033843,1034.489725,100.567134.179319.596213,100.567134.179319.596213,STUL,Nahounli Creek,,0,204004,1,,,,13.48,12.46,0,0,13.48,12.46,,,,,,,,,,,,,,,,,,,,,,,,,,,,,,,no
1024706259,,,MODELLED CROSSINGS,"ROAD, RESOURCE/OTHER",OBS,PASSABLE,Driftwood FSR,,356353731,,,,,,,,,,,,,,,,,,,,,,,,,,,,24706259,,,,,,,,,,,,9,657704,6194031,46823.81714,100.567134.179319.815989.532920.992397,100.567134.179319.815989.532920.992397.414471,DRIR,Driftwood River,,0,,,,,,98.48,98.48,58.64,58.64,104.51,104.51,,,,,,,,,,,,,,,,,,,,,,,,,,,,,,,no
1024706261,,,MODELLED CROSSINGS,"ROAD, RESOURCE/OTHER",OBS,PASSABLE,,,356353731,,,,,,,,,,,,,,,,,,,,,,,,,,,,24706261,,,,,,,,,,,,9,640646,6206750,77658.55037,100.567134.179319.815989.532920.992397,100.567134.179319.815989.532920.992397.689790,DRIR,Driftwood River,,0,,,,,,51,51,24.68,24.68,57.03,57.03,,,,,,,,,,,,,,,,,,,,,,,,,,,,,,,no
1024706263,,,MODELLED CROSSINGS,"ROAD, RESOURCE/OTHER",OBS,PASSABLE,Driftwood FSR,,356361270,,,,,,,,,,,,,,,,,,,,,,,,,,,,24706263,,,,,,,,,,,,9,666679,6184284,1556.686742,100.567134.179319.815989.532920.992397.189561,100.567134.179319.815989.532920.992397.189561.025159,DRIR,Lion Creek,,0,,,,,,7.27,7.27,7,7,7.32,7.32,,,,,,,,,,,,,,,,,,,,,,,,,,,,,,,no
1024706264,,,MODELLED CROSSINGS,"ROAD, RESOURCE/OTHER",OBS,PASSABLE,,,356353731,,,,,,,,,,,,,,,,,,,,,,,,,,,,24706264,,,,,,,,,,,,9,657711,6193991,46783.83657,100.567134.179319.815989.532920.992397,100.567134.179319.815989.532920.992397.414471,DRIR,Driftwood River,,0,,,,,,98.52,98.52,58.68,58.68,104.55,104.55,,,,,,,,,,,,,,,,,,,,,,,,,,,,,,,no
1024706268,,,MODELLED CROSSINGS,"ROAD, RESOURCE/OTHER",OBS,PASSABLE,South FSR,,356353731,,,,,,,,,,,,,,,,,,,,,,,,,,,,24706268,,,,,,,,,,,,9,661733,6187315,33291.84919,100.567134.179319.815989.532920.992397,100.567134.179319.815989.532920.992397.290146,DRIR,Driftwood River,,0,,,,,,143.24,143.24,84.83,84.83,150.04,150.04,,,,,,,,,,,,,,,,,,,,,,,,,,,,,,,no
1024706269,,,MODELLED CROSSINGS,"ROAD, RESOURCE/OTHER",OBS,PASSABLE,South FSR,,356346976,,,,,,,,,,,,,,,,,,,,,,,,,,,,24706269,,,,,,,,,,,,9,664185,6183938,1073.397883,100.567134.179319.815989.532920.992397.222656,100.567134.179319.815989.532920.992397.222656.005688,DRIR,,,0,,,,,,4.2,4.2,4.25,4.25,4.25,4.25,,,,,,,,,,,,,,,,,,,,,,,,,,,,,,,no
1024706270,,,MODELLED CROSSINGS,RAIL,OBS,PASSABLE,,None,356361270,,,,,,,,,,,,,,,,,,,,,,,,,,,,24706270,,,,,,,,,,,,9,666367,6184138,1063.888804,100.567134.179319.815989.532920.992397.189561,100.567134.179319.815989.532920.992397.189561,DRIR,Lion Creek,,0,,,,,,7.76,7.76,7.49,7.49,7.81,7.81,,,,,,,,,,,,,,,,,,,,,,,,,,,,,,,no
1024706271,,,MODELLED CROSSINGS,RAIL,OBS,PASSABLE,,None,356348492,,,,,,,,,,,,,,,,,,,,,,,,,,,,24706271,,,,,,,,,,,,9,651899,6200841,1143.584451,100.567134.179319.815989.532920.992397.529064,100.567134.179319.815989.532920.992397.529064,DRIR,Kastberg Creek,,0,,,,,,11.39,11.39,2.42,2.42,11.39,11.39,,,,,,,,,,,,,,,,,,,,,,,,,,,,,,,no
1024714971,,,MODELLED CROSSINGS,"ROAD, RESOURCE/OTHER",OBS,PASSABLE,,,356360979,,,,,,,,,,,,,,,,,,,,,,,,,,,,24714971,,,,,,,,,,,,10,415573,6060163,1379.775606,100.567134.179319.815989.290384.989223,100.567134.179319.815989.290384.989223,LTRE,Tezzeron Creek,,0,1200000034;124601,2,,,,40.96,35.46,6.55,6.55,47.51,42.01,,,,,,,,,,,,,,,,,,,,,,,,,,,,,,,no
1024714972,,,MODELLED CROSSINGS,"ROAD, RESOURCE/OTHER",OBS,PASSABLE,,,356360833,,,,,,,,,,,,,,,,,,,,,,,,,,,,24714972,,,,,,,,,,,,10,407630,6065179,3465.382653,100.567134.179319.815989.290384.820062,100.567134.179319.815989.290384.820062,LTRE,Hatdudatehl Creek,,0,,,,,,13.5,13.5,19.49,19.49,32.24,32.24,,,,,,,,,,,,,,,,,,,,,,,,,,,,,,,no
1024714984,,,MODELLED CROSSINGS,RAIL,OBS,PASSABLE,,None,356362700,,,,,,,,,,,,,,,,,,,,,,,,,,,,24714984,,,,,,,,,,,,10,379326,6072716,298.713476,100.567134.179319.815989.290384,100.567134.179319.815989.290384,LTRE,Kuzkwa River,,0,1200000034;124601,2,,,,100.65,95.15,263,263,322.87,317.37,,,,,,,,,,,,,,,,,,,,,,,,,,,,,,,no
1024715500,,,MODELLED CROSSINGS,RAIL,OBS,PASSABLE,,None,356360623,,,,,,,,,,,,,,,,,,,,,,,,,,,,24715500,,,,,,,,,,,,10,347398,6097820,269.3012616,100.567134.179319.815989.532920.225746,100.567134.179319.815989.532920.225746,MIDR,Natazutlo Creek,,0,125788,1,,,,17.97,1.9,60.76,1.91,65.74,1.91,,,,,,,,,,,,,,,,,,,,,,,,,,,,,,,no
1024715501,,,MODELLED CROSSINGS,RAIL,OBS,PASSABLE,,None,356362330,,,,,,,,,,,,,,,,,,,,,,,,,,,,24715501,,,,,,,,,,,,10,361325,6084709,1192.319153,100.567134.179319.815989.532920.067591,100.567134.179319.815989.532920.067591,MIDR,Kazchek Creek,,0,,,,,,4.73,4.73,2.72,2.72,4.73,4.73,,,,,,,,,,,,,,,,,,,,,,,,,,,,,,,no
1024723335,,,MODELLED CROSSINGS,"ROAD, RESOURCE/OTHER",OBS,PASSABLE,,,356363145,,,,,,,,,,,,,,,,,,,,,,,,,,,,24723335,,,,,,,,,,,,10,359678,6049827,12598.6826,100.567134.179319.911828,100.567134.179319.911828.228235,STUL,,,0,,,,,,0,0,107.3,107.3,107.3,107.3,,,,,,,,,,,,,,,,,,,,,,,,,,,,,,,no
1024723325,,,MODELLED CROSSINGS,"ROAD, DEMOGRAPHIC",OBS,PASSABLE,Pitka Bay Rd,,356357216,,,,,,,,,,,,,,,,,,,,,,,,,,,,24723325,,,,,,,,,,,,10,413970,6031667,2948.825708,100.567134.179319.612053,100.567134.179319.612053,STUL,Pitka Creek,,0,1019300424;1019301062;1019301069;204001,4,,,,11.1,2.43,8.84,2.43,11.1,2.43,,,,,,,,,,,,,,,,,,,,,,,,,,,,,,,no
1024723326,,,MODELLED CROSSINGS,"ROAD, DEMOGRAPHIC",OBS,PASSABLE,Sowchea Rd,,356357216,,,,,,,,,,,,,,,,,,,,,,,,,,,,24723326,,,,,,,,,,,,10,413884,6031333,3399.457488,100.567134.179319.612053,100.567134.179319.612053,STUL,Pitka Creek,,0,1019300424;1019301062;1019301069;204001,4,,,,10.65,1.98,8.39,1.98,10.65,1.98,,,,,,,,,,,,,,,,,,,,,,,,,,,,,,,no
1024723327,,,MODELLED CROSSINGS,"ROAD, DEMOGRAPHIC",OBS,PASSABLE,Sowchea Rd,,356358537,,,,,,,,,,,,,,,,,,,,,,,,,,,,24723327,,,,,,,,,,,,10,408554,6031205,6278.316115,100.567134.179319.630270,100.567134.179319.630270,STUL,Sowchea Creek,,0,,,,,,22.79,22.79,13.28,13.28,22.79,22.79,,,,,,,,,,,,,,,,,,,,,,,,,,,,,,,no
1024723334,,,MODELLED CROSSINGS,"ROAD, DEMOGRAPHIC",OBS,PASSABLE,Subdivision Rd,,356363145,,,,,,,,,,,,,,,,,,,,,,,,,,,,24723334,,,,,,,,,,,,10,365620,6051873,4182.884653,100.567134.179319.911828,100.567134.179319.911828,STUL,Nancut Creek,,0,,,,,,6.18,6.18,111.62,111.62,113.96,113.96,,,,,,,,,,,,,,,,,,,,,,,,,,,,,,,no
1024723374,,,MODELLED CROSSINGS,"ROAD, RESOURCE/OTHER",OBS,PASSABLE,Portage Road FSR,,356363145,,,,,,,,,,,,,,,,,,,,,,,,,,,,24723374,,,,,,,,,,,,10,364826,6051673,5395.440219,100.567134.179319.911828,100.567134.179319.911828.113129,STUL,Nancut Creek,,0,,,,,,4.97,4.97,110.7,110.7,112.75,112.75,,,,,,,,,,,,,,,,,,,,,,,,,,,,,,,no
1024723380,,,MODELLED CROSSINGS,"ROAD, RESOURCE/OTHER",OBS,PASSABLE,Cunningham FSR,,356358537,,,,,,,,,,,,,,,,,,,,,,,,,,,,24723380,,,,,,,,,,,,10,400959,6026922,19731.5818,100.567134.179319.630270,100.567134.179319.630270.375062,STUL,Sowchea Creek,,0,,,,,,9.34,9.34,0,0,9.34,9.34,,,,,,,,,,,,,,,,,,,,,,,,,,,,,,,no
1024723382,,,MODELLED CROSSINGS,RAIL,OBS,PASSABLE,,None,356347583,,,,,,,,,,,,,,,,,,,,,,,,,,,,24723382,,,,,,,,,,,,10,402436,6051897,12094.69898,100.567134.179319.710832,100.567134.179319.710832.287745,STUL,Pinchi Creek,,0,,,,,,2.58,2.58,2.64,2.64,2.64,2.64,,,,,,,,,,,,,,,,,,,,,,,,,,,,,,,no
1024723774,,,MODELLED CROSSINGS,"ROAD, RESOURCE/OTHER",OBS,PASSABLE,Sakeniche FSR,,356356811,,,,,,,,,,,,,,,,,,,,,,,,,,,,24723774,,,,,,,,,,,,9,683956,6139142,39983.77135,100.567134.179319.815989.532920.447917,100.567134.179319.815989.532920.447917.568812,TAKL,Dust Creek,,0,1020001538,1,,,,19.38,9.23,14.86,11.69,21.84,11.69,,,,,,,,,,,,,,,,,,,,,,,,,,,,,,,no
1024723780,,,MODELLED CROSSINGS,"ROAD, RESOURCE/OTHER",OBS,PASSABLE,Sakeniche FSR,,356356462,,,,,,,,,,,,,,,,,,,,,,,,,,,,24723780,,,,,,,,,,,,10,322627,6114058,5222.8937,100.567134.179319.815989.532920.446288,100.567134.179319.815989.532920.446288.159717,TAKL,Sakeniche River,,0,,,,,,4.89,4.89,4.85,4.85,4.89,4.89,,,,,,,,,,,,,,,,,,,,,,,,,,,,,,,no
1024723783,,,MODELLED CROSSINGS,RAIL,OBS,PASSABLE,,None,356361497,,,,,,,,,,,,,,,,,,,,,,,,,,,,24723783,,,,,,,,,,,,9,673682,6177434,1451.800193,100.567134.179319.815989.532920.997351,100.567134.179319.815989.532920.997351,TAKL,Bates Creek,,0,,,,,,19.68,19.68,3.55,3.55,19.68,19.68,,,,,,,,,,,,,,,,,,,,,,,,,,,,,,,no
1024723784,,,MODELLED CROSSINGS,RAIL,OBS,PASSABLE,,None,356352148,,,,,,,,,,,,,,,,,,,,,,,,,,,,24723784,,,,,,,,,,,,9,678739,6171884,1156.977751,100.567134.179319.815989.532920.947799,100.567134.179319.815989.532920.947799,TAKL,,,0,,,,,,13.84,13.84,2.48,2.48,13.84,13.84,,,,,,,,,,,,,,,,,,,,,,,,,,,,,,,no
1024723785,,,MODELLED CROSSINGS,RAIL,OBS,PASSABLE,,None,356350149,,,,,,,,,,,,,,,,,,,,,,,,,,,,24723785,,,,,,,,,,,,10,327405,6116967,926.4149793,100.567134.179319.815989.532920.457753,100.567134.179319.815989.532920.457753,TAKL,,,0,,,,,,5.54,5.54,2.57,2.57,5.54,5.54,,,,,,,,,,,,,,,,,,,,,,,,,,,,,,,no
1024723786,,,MODELLED CROSSINGS,RAIL,OBS,PASSABLE,,None,356359980,,,,,,,,,,,,,,,,,,,,,,,,,,,,24723786,,,,,,,,,,,,10,311819,6152842,1218.547327,100.567134.179319.815989.532920.767804,100.567134.179319.815989.532920.767804,TAKL,Hudson Bay Creek,,0,,,,,,6.75,6.75,2.92,2.92,6.75,6.75,,,,,,,,,,,,,,,,,,,,,,,,,,,,,,,no
1024723787,,,MODELLED CROSSINGS,RAIL,OBS,PASSABLE,,None,356313591,,,,,,,,,,,,,,,,,,,,,,,,,,,,24723787,,,,,,,,,,,,10,314339,6149942,1317.900854,100.567134.179319.815989.532920.736802,100.567134.179319.815989.532920.736802,TAKL,Maclaing Creek,,0,,,,,,2.81,2.81,2.86,2.86,2.86,2.86,,,,,,,,,,,,,,,,,,,,,,,,,,,,,,,no
1024723788,,,MODELLED CROSSINGS,RAIL,OBS,PASSABLE,,None,356357678,,,,,,,,,,,,,,,,,,,,,,,,,,,,24723788,,,,,,,,,,,,10,324534,6135160,1173.187607,100.567134.179319.815989.532920.601637,100.567134.179319.815989.532920.601637,TAKL,,,0,,,,,,0,0,0.38,0.38,0.38,0.38,,,,,,,,,,,,,,,,,,,,,,,,,,,,,,,no
1024726961,,,MODELLED CROSSINGS,"ROAD, RESOURCE/OTHER",OBS,PASSABLE,,,356362978,,,,,,,,,,,,,,,,,,,,,,,,,,,,24726961,,,,,,,,,,,,10,336230,6063574,20861.71574,100.567134.179319.815989.811324,100.567134.179319.815989.811324.487634,UTRE,Butterfield Creek,,0,,,,,,2.76,2.76,0,0,2.76,2.76,,,,,,,,,,,,,,,,,,,,,,,,,,,,,,,no
1024726974,,,MODELLED CROSSINGS,RAIL,OBS,PASSABLE,,None,356356310,,,,,,,,,,,,,,,,,,,,,,,,,,,,24726974,,,,,,,,,,,,10,375998,6081023,4744.145056,100.567134.179319.815989.418407,100.567134.179319.815989.418407,UTRE,,,0,,,,,,0.39,0.39,0,0,0.39,0.39,,,,,,,,,,,,,,,,,,,,,,,,,,,,,,,no
1024741607,,,MODELLED CROSSINGS,"ROAD, RESOURCE/OTHER",OBS,PASSABLE,,,356359054,,,,,,,,,,,,,,,,,,,,,,,,,,,,24741607,,,,,,,,,,,,9,686336,6169668,10518.67649,100.567134.179319.815989.532920.881436,100.567134.179319.815989.532920.881436.367349,TAKL,,1200000035;204008;204010;1020000184,4,203996,1,,,,8.7,1.96,0,0,8.7,1.96,,,,,,,,,,,,,,,,,,,,,,,,,,,,,,,no
1200000012,1200000012,Paula Cr beaver dam 1 (1200000012),USER_CROSSINGS_MISC,"ROAD, RESOURCE/OTHER",OTHER,BARRIER,,,356327433,Paula Creek,n/a,Other,,,,,,,,,,,,,,,,,,Barrier assessment (data deficient structures only),,,,,,,,,BEAVER_DAM,,,,,,,,,,10,346091,6073390,2535,100.567134.179319.815989.780459,100.567134.179319.815989.780459,UTRE,Paula Creek,,0,1024200019;1200000017,2,,,,10,0.86,5.22,0.87,10,0.86,8992,8.31,2,4.155,,7,7,4,6,A,3412,5.22,2,2.61,,9,9,6,8,A,2792,8.31,2,4.155,,9,9,7,8,A,yes
1200000013,1200000013,Tarnezell Cr beaver dam (1200000013),USER_CROSSINGS_MISC,"ROAD, RESOURCE/OTHER",OTHER,BARRIER,,,356353424,Tarnezell Creek,n/a,Other,,,,,,,,,,,,,,,,,,Barrier assessment (data deficient structures only),,,,,,,,,BEAVER_DAM,,,,,,,,,,10,367659,6077522,3367,100.567134.179319.815989.501334,100.567134.179319.815989.501334.095071,UTRE,Tarnezell Creek,,0,,,,,,8.86,8.86,16.5,16.5,24.32,24.32,3412,8.86,1,8.86,,4,4,6,4,A,3722,16.5,1,16.5,,3,3,3,3,A,3412,24.32,1,24.32,,2,2,2,2,A,yes
1200000014,1200000014,Van Decar Cr log jam (1200000014),USER_CROSSINGS_MISC,"ROAD, RESOURCE/OTHER",OTHER,BARRIER,,,356328051,Van Decar Creek,n/a,Other,,,,,,,,,,,,,,,,,,Barrier assessment (data deficient structures only),,,,,,,,,LOG_JAM,,,,,,,,,,10,349128,6091898,2550,100.567134.179319.815989.532920.184512,100.567134.179319.815989.532920.184512.191664,MIDR,Van Decar Creek,,0,,,,,,0,0,2.76,2.76,2.76,2.76,3722,0,1,0,,,,,,,312,2.76,1,2.76,,7,7,10,9,A,3722,2.76,1,2.76,,11,11,13,13,B,yes
1200000015,1200000015,Crow Creek log jam (12000000015),USER_CROSSINGS_MISC,"ROAD, RESOURCE/OTHER",OTHER,BARRIER,,,356362032,Crow Creek,n/a,Other,,,,,,,,,,,,,,,,,,Barrier assessment (data deficient structures only),,,,,,,,,LOG_JAM,,,,,,,,,,10,310190,6130858,26650,100.567134.179319.815989.532920.448305,100.567134.179319.815989.532920.448305,TAKL,,,0,,,,,,0,0,0.1,0.1,0.1,0.1,4032,0,1,0,,,,,,,4032,0.1,1,0.1,,16,20,17,15,B,4032,0.1,1,0.1,,20,28,21,20,B,yes
1200000016,1200000016,Glusky Cr beaver dam (SAK-1/1200000016),USER_CROSSINGS_MISC,"ROAD, RESOURCE/OTHER",OTHER,BARRIER,,,356293242,Tributary to Takla Lake,900 Road,Other,,,Priority barrier,Barrier assessment,,,,,,,,,,,,,,Rehabilitation,,,,Beaver dam regularly modified to maintain passage during spawning period,Salmon carcasses observed both upstream and downstream of dam when assessed in 2025.,,,,BEAVER_DAM,,,,,,,,,,10,339400,6103926,449,100.567134.179319.815989.532920.309568,100.567134.179319.815989.532920.309568,MIDR,,,0,,,,,,9.31,9.31,2.71,2.71,10.62,10.62,4342,9.31,1,9.31,,3,3,5,3,A,4342,2.71,1,2.71,,8,8,11,11,B,4342,10.62,1,10.62,,4,4,5,4,A,yes
1200000017,1200000017,Paula Cr beaver dam 2 (1200000017),USER_CROSSINGS_MISC,"ROAD, RESOURCE/OTHER",OTHER,BARRIER,,,356327433,Paula Creek,n/a,Other,,,,,,,,,,,,,,,,,,Barrier assessment (data deficient structures only),,,,,,,,,BEAVER_DAM,,,,,,,,,,10,345749,6074036,3400,100.567134.179319.815989.780459,100.567134.179319.815989.780459,UTRE,Paula Creek,1200000012,1,1024200019,1,,,,9.14,7.45,4.35,4.35,9.14,7.45,8992,8.31,2,4.155,,7,7,4,6,A,3412,5.22,2,2.61,,9,9,6,8,A,2792,8.31,2,4.155,,9,9,7,8,A,yes
1200000018,1200000018,Sandpoint Cr beaver dam (1200000018),USER_CROSSINGS_MISC,"ROAD, RESOURCE/OTHER",OTHER,BARRIER,,,356338407,Sandpoint Creek,n/a,Other,,,,,,,,,,,,,,,,,,Barrier assessment (data deficient structures only),,,,,,,,,BEAVER_DAM,,,,,,,,,,10,329972,6112020,450,100.567134.179319.815989.532920.406879,100.567134.179319.815989.532920.406879,MIDR,,,0,,,,,,4.73,4.73,4.53,4.53,4.78,4.78,4962,4.73,1,4.73,,6,6,9,8,A,4962,4.53,1,4.53,,5,5,8,5,A,4962,4.78,1,4.78,,8,8,12,10,A,yes
1200000034,1200000034,Tezzeron Cr @ Beaver dam (Inzana FSR) (GER-3/12600461),USER_CROSSINGS_MISC,"ROAD, RESOURCE/OTHER",OTHER,BARRIER,,,356360979,Tezzeron Creek,Inzana FSR,Other,,,Data-deficient barrier,Barrier assessment,,,,,High,,,,,,,,,Barrier assessment (data deficient structures only),,,,Structure is a series of beaver dams and log jams,"Good rearing and spawning potential, high quality habitat.",,,,BEAVER_DAM,,,,,,,,,,10,420959,6087850,74145,100.567134.179319.815989.290384.989223,100.567134.179319.815989.290384.989223.749151,LTRE,Tezzeron Creek,,0,,,,,,4.85,4.85,0,0,4.85,4.85,5272,4.85,1,4.85,,5,5,8,7,A,5272,0,1,0,,,,,,,5272,4.85,1,4.85,,7,7,11,9,A,yes
1200000035,1200000035,Teegee Cr @ Branch off Old Driftwood Rd (TAK-8/20000182),USER_CROSSINGS_MISC,"ROAD, RESOURCE/OTHER",OTHER,BARRIER,,,356359054,Tributary to Takla Lake,Branch off Old Driftwood Road,Other,,,Data-deficient barrier,Barrier assessment,,,,,,,,,,,,,,Barrier reassessment,,,,Assess beaver dam for mitigation options; determine active status,"Suitable spawning gravels, good rearing throughout",,,,BEAVER_DAM,,,,,,,,,,9,686094,6167750,8246,100.567134.179319.815989.532920.881436,100.567134.179319.815989.532920.881436.227302,TAKL,,204008;204010;1020000184,3,203996,1,,,,10.97,4.23,0,0,10.97,4.23,7442,14.03,5,2.806,,8,8,2,5,A,7444,0,2,0,"[ ""7442"", ""7443"" ]",,,,,,8682,14.03,5,2.806,,10,10,4,6,A,yes
124602,,,PSCIS,"ROAD, RESOURCE/OTHER",OBS,PASSABLE,Germansen Landing Rd,,356357268,,,,,,,,,,,,,,,,,,,,,,,,,,,,24714970,ASSESSED,BRIDGE,North Road,Unnamed tributary to Tezzeron Creek,Unknown fish status.,7/14/2013,,,,,,10,426129,6084380,2719,100.567134.179319.815989.290384.989223.621436,100.567134.179319.815989.290384.989223.621436.089169,LTRE,,,0,,,,,,11.67,11.67,0,0,11.67,11.67,,,,,,,,,,,,,,,,,,,,,,,,,,,,,,,no
124601,124601,Cripple Cr @ Germansen Lndg (124601),PSCIS,"ROAD, RESOURCE/OTHER",CBS,BARRIER,Germansen Landing Rd,,356284147,Cripple Creek,Germansen Landing,Stream crossing - CBS,,,Data-deficient barrier,Barrier assessment,,,,,Medium,,,,,,,,,Habitat confirmation (data deficient structures only),,,,"Barrier, beaver dams at inlet add to obstacles. ","High rearing potential, some potentially suitable spawning substrate observed, possibly more neaby.",,12600010,ASSESSED,ROUND,Germansen Landing,Cripple Creek,"CBS-rated as barrier. There are two culverts, both have beaver dam or beaver placed woody debris on inlet likely making culverts even more of a barrier. Two cvts.of ~equal elevation (LB measured - diameters totalled). RB cv. Bent down in center at inlet. Deeper DS - more pools. Access: parked truck at cripple Lak Rec site and walked ~700m to site. Broken beaver dam at inlet. High rearing potential, some potentially suitable spawning substrate observed with possibility for more nearby. Some undercut banks, lots of minnows observed. Reccomneded fix of OBS due to beaver presence.",8/15/2025,,,,,,10,426694,6082053,482,100.567134.179319.815989.290384.989223.611546,100.567134.179319.815989.290384.989223.611546,LTRE,,,0,,,,,,0.65,0.65,0,0,0.65,0.65,5892,0.65,1,0.65,,13,12,13,12,B,5892,0,1,0,,,,,,,5892,0.65,1,0.65,,17,16,17,16,B,yes
124608,,,PSCIS,"ROAD, RESOURCE/OTHER",OBS,PASSABLE,Germansen Landing Rd,,356310035,,,,,,,,,,,,,,,,,,,,,,,,,,,,12600005,ASSESSED,BRIDGE,North Road,Unnamed tributary to Tezzeron Creek,"Documented BB, RB, NSC.",7/14/2013,,,,,,10,419492,6091980,2702,100.567134.179319.815989.290384.989223.819277,100.567134.179319.815989.290384.989223.819277.148122,LTRE,,1200000034,1,,,,,,0.1,0.1,0,0,0.1,0.1,,,,,,,,,,,,,,,,,,,,,,,,,,,,,,,no
124655,,,PSCIS,"ROAD, RESOURCE/OTHER",OBS,PASSABLE,,,356347583,,,,,,,,,,,,,,,,,,,,,,,,,,,,24723363,ASSESSED,BRIDGE,Railroad,Pinchi Creek,"Fish observed rising - likely RB or WF. Span is 154 m.  Documented CH, SK, BB, DV, KO, LW, MW, RB, CAS, CSU, LSU, NSC, PCC, RSC, WSU.",8/12/2013,,,,,,10,402434,6051900,12099,100.567134.179319.710832,100.567134.179319.710832.287745,STUL,Pinchi Creek,,0,,,,,,2.57,2.57,2.63,2.63,2.63,2.63,,,,,,,,,,,,,,,,,,,,,,,,,,,,,,,no
124664,,,PSCIS,"ROAD, RESOURCE/OTHER",OBS,PASSABLE,,,356353424,,,,,,,,,,,,,,,,,,,,,,,,,,,,24726973,ASSESSED,BRIDGE,Tanizul,Tarnezell Creek,"RB fry observed everywhere. Rotten guards - falling apart, approach from N side is eroding. Documented LW, RB, CSU, LSU, NSC, PCC, RSC, WSU.",8/13/2013,,,,,,10,369349,6075258,7634,100.567134.179319.815989.501334,100.567134.179319.815989.501334.206984,UTRE,Tarnezell Creek,1200000013,1,,,,,,5.04,5.04,15.8,15.8,20.49,20.49,,,,,,,,,,,,,,,,,,,,,,,,,,,,,,,no
124677,,,PSCIS,"ROAD, RESOURCE/OTHER",OBS,PASSABLE,,,356353424,,,,,,,,,,,,,,,,,,,,,,,,,,,,24200384,ASSESSED,BRIDGE,600 Road off Tanizul,Tarnezell Creek,"RB observed everywhere. Documented LW, RB, CSU, LSU, NSC, PCC, RSC, WSU.",8/15/2013,,,,,,10,370632,6071336,13977,100.567134.179319.815989.501334,100.567134.179319.815989.501334.412014,UTRE,Tarnezell Creek,1200000013,1,,,,,,0.98,0.98,15.8,15.8,16.44,16.44,,,,,,,,,,,,,,,,,,,,,,,,,,,,,,,no
124701,,,PSCIS,"ROAD, RESOURCE/OTHER",OBS,PASSABLE,Leo Creek FSR,,356362700,,,,,,,,,,,,,,,,,,,,,,,,,,,,24702006,ASSESSED,BRIDGE,Leo Creek,Kuzkwa River,"Documented CH, SK, BB, CT, KO, LT, LW, MW, RB, CAS, CSU, LDC, LKC, LSU, NSC, PCC, RSC, WSU.",8/17/2013,,,,,,10,391308,6073540,28925,100.567134.179319.815989.290384,100.567134.179319.815989.290384.448740,LTRE,Kuzkwa River,,0,1200000034;124601,2,,,,71.84,66.34,234.38,234.38,294.06,288.56,,,,,,,,,,,,,,,,,,,,,,,,,,,,,,,no
124706,124706,Trib 1 to Stuart Lk @ Leo FSR (124706),PSCIS,"ROAD, RESOURCE/OTHER",CBS,BARRIER,Leo Creek FSR,,356358456,Tributary to Stuart Lake,Leo FSR,Stream crossing - CBS,,,Data-deficient barrier,Barrier assessment,,,,,Medium,,,,,,,,,Habitat confirmation (data deficient structures only),,,,Barrier. Currently passable due to backwater from beaver dam but likely to change when beaver dam blows out. ,,,19302213,ASSESSED,ROUND,Leo FSR,Unnamed Tributary to Stuart Lake,"CBS-rated as barrier however, completely backwatered and currently passable to fish however, not inlet has a lot of beaver debris accumulation. No action recomended, beaver dam currently acting as DS weir however, passability could change when beaver dam is blown out. Beaver dam near outlet; fresh beaver chew; creates ponding US and DS cv. White board in photos says Leo-1 (correct to Leo-5). Upstream channel measurements were take due to culvert influence downstream (ponding and wetlands). Consider upgrading to OBS as beaver activity likely a long term issues with the culverts.",8/13/2025,,,,,,10,392449,6056501,4390,100.567134.179319.780991,100.567134.179319.780991.179612,STUL,,62678,1,,,,,,0,0,2.7,2.7,2.7,2.7,8682,0,2,0,,,,,,,8682,4.56,2,2.28,,10,10,7,10,A,8992,4.56,2,2.28,,12,12,10,12,B,yes
124757,,,PSCIS,"ROAD, RESOURCE/OTHER",OBS,PASSABLE,,,356360833,,,,,,,,,,,,,,,,,,,,,,,,,,,,12601027,ASSESSED,BRIDGE,North Hat,Hatdudatehl Creek,"Documented KO, LT, RB.",8/23/2013,,,,,,10,415758,6077844,26434,100.567134.179319.815989.290384.820062,100.567134.179319.815989.290384.820062.454687,LTRE,Hatdudatehl Creek,,0,,,,,,3,3,19.49,19.49,21.74,21.74,,,,,,,,,,,,,,,,,,,,,,,,,,,,,,,no
124763,,,PSCIS,"ROAD, RESOURCE/OTHER",OBS,PASSABLE,,,356360833,,,,,,,,,,,,,,,,,,,,,,,,,,,,12600830,ASSESSED,BRIDGE,Hat Lake,Hatdudatehl Creek,"Abutments ~6m apart - constrict flow; channel ~10 m wide. Documented BB, BT, KO, LT, RB, LKC, NSC, RSC, SU, WSU.",8/24/2013,,,,,,10,411280,6071195,13031,100.567134.179319.815989.290384.820062,100.567134.179319.815989.290384.820062.232196,LTRE,Hatdudatehl Creek,,0,,,,,,6.67,6.67,19.49,19.49,25.4,25.4,,,,,,,,,,,,,,,,,,,,,,,,,,,,,,,no
125711,125711,125711,PSCIS,"ROAD, DEMOGRAPHIC",CBS,PASSABLE,Hwy 27 N,,356357338,Prairie Meadow Creek,Highway 27,Stream crossing - CBS,,,Excluded structure,Barrier assessment,Passable,Field assessment,,,,,,,,,,,,,,,,Scores as potential barrier but determined to be passable to fish in field. ,Stagnant ponded wetland habitat. No spawning gravel. ,,19301286,ASSESSED,ROUND,Hwy 27,Prairie Meadow Creek,"CBS-rated as potential. Two culverts of same diameter; left bank measured; both submerged and summed for total culvert width. Culvert slope and resemble channel fields are unknown; rough estimates recorded. Left bank stucture diameter recorded for channel width due to lack of natural channel. Ponded stream slope estimated at less than 1%. No spawning gravel, stagnant, ponded, wetland habitat, passable to fish. No action recomended.",6/25/2025,,,,,,10,422609,6036611,2057,100.567134.179319.596213.285103,100.567134.179319.596213.285103.118327,STUL,Prairie Meadow Creek,204004,1,,,,,,0.04,0.04,0,0,0.04,0.04,,,,,,,,,,,,,,,,,,,,,,,,,,,,,,,no
125788,125788,Natazutlo Cr @ Kazchek FSR (125788),PSCIS,"ROAD, RESOURCE/OTHER",CBS,BARRIER,Kazchek FSR,,356360623,Natazutlo Creek,Kazchek FSR,Stream crossing - CBS,,,Data-deficient barrier,Barrier assessment,,,,,Medium,,,,,,,,,Habitat confirmation (data deficient structures only),,,,,Shallow riffles and some suitable spawning substrate obs near crossing. Beaver dam 20 m upstream causing ponding. Good overwintering (deep pools),,13500161,ASSESSED,ROUND,Kazchek FSR,Natazutlo Creek,"CBS-rated as barrier. Based on large size, and low gradient of stream and culvert could be a candidate for backwatering. Beaver dam 20m upstream causing ponding. Deep pools provide good overwintering. Juvenile fish spotted. 2-3 in length, large dorsal/adipose fin. Shallow riffles and some suitable spawning substrate observed near crossing. LWD and SWD provide ample cover DS as well as deep pools and glides. Mostly boulders directly Downstream of culvert - suitable gravel 20-50m below culvert",10/30/2025,,,,,,10,348804,6098109,2177,100.567134.179319.815989.532920.225746,100.567134.179319.815989.532920.225746.036494,MIDR,Natazutlo Creek,,0,,,,,,16.07,16.07,58.85,58.85,63.83,63.83,8372,16.07,1,16.07,,1,1,1,1,A,8372,58.85,1,58.85,,1,1,1,1,A,9302,63.83,1,63.83,,1,1,1,1,A,yes
125793,,,PSCIS,"ROAD, RESOURCE/OTHER",OBS,PASSABLE,,,356360623,,,,,,,,,,,,,,,,,,,,,,,,,,,,13500459,ASSESSED,BRIDGE,700 Road off Kazchek,Unnamed tributary to Natazutlo Lake,"Documented BB, LW, RB, CSU, LSU, NSC, RSC.",9/22/2013,,,,,,10,356413,6097679,16803,100.567134.179319.815989.532920.225746,100.567134.179319.815989.532920.225746.409920,MIDR,,125788,1,,,,,,5.05,5.05,33.57,33.57,36.43,36.43,,,,,,,,,,,,,,,,,,,,,,,,,,,,,,,no
125834,,,PSCIS,"ROAD, RESOURCE/OTHER",OTHER,UNKNOWN,,,356309155,,,,,,,,,,,,,,,,,,,,,,,,,,,,13500149,ASSESSED,FORD,52 km S branch of Kazchek,Unnamed tributary to Takla Lake,"Documented SK, RB.",10/11/2013,,,,,,10,337123,6106857,1016,100.567134.179319.815989.532920.337200,100.567134.179319.815989.532920.337200,MIDR,,,0,,,,,,0,0,0.18,0.18,0.18,0.18,,,,,,,,,,,,,,,,,,,,,,,,,,,,,,,no
125835,,,PSCIS,RAIL,OBS,PASSABLE,,None,356309155,,,,,,,,,,,,,,,,,,,,,,,,,,,,13501150,ASSESSED,BRIDGE,Railroad,Unnamed tributary to Takla Lake,"Abandoned RR crossing. Documented SK, RB.",10/11/2013,,,,,,10,337133,6106868,1031,100.567134.179319.815989.532920.337200,100.567134.179319.815989.532920.337200,MIDR,,,0,,,,,,0,0,0.17,0.17,0.17,0.17,,,,,,,,,,,,,,,,,,,,,,,,,,,,,,,no
125838,,,PSCIS,"ROAD, RESOURCE/OTHER",OBS,PASSABLE,,,356326169,,,,,,,,,,,,,,,,,,,,,,,,,,,,13500604,ASSESSED,BRIDGE,500 Road off Purvis,Leo Creek,Documented RB.,10/11/2013,,,,,,10,341248,6111594,10493,100.567134.179319.815989.532920.352419,100.567134.179319.815989.532920.352419.448712,MIDR,Leo Creek,,0,,,,,,0.19,0.19,0,0,0.19,0.19,,,,,,,,,,,,,,,,,,,,,,,,,,,,,,,no
125842,,,PSCIS,"ROAD, RESOURCE/OTHER",OBS,PASSABLE,Leo Creek FSR,,356326169,,,,,,,,,,,,,,,,,,,,,,,,,,,,13501080,ASSESSED,BRIDGE,Kazchek (300 Rd),Leo Creek,"Documented SK, RB.",10/11/2013,,,,,,10,335292,6108034,1331,100.567134.179319.815989.532920.352419,100.567134.179319.815989.532920.352419,MIDR,Leo Creek,,0,,,,,,9.06,9.06,2.55,2.55,9.06,9.06,,,,,,,,,,,,,,,,,,,,,,,,,,,,,,,no
125843,,,PSCIS,RAIL,OBS,PASSABLE,,None,356326169,,,,,,,,,,,,,,,,,,,,,,,,,,,,13501133,ASSESSED,BRIDGE,Railroad,Leo Creek,"Abandoned RR crossing. Documented SK, RB.",10/11/2013,,,,,,10,335408,6107802,1059,100.567134.179319.815989.532920.352419,100.567134.179319.815989.532920.352419,MIDR,Leo Creek,,0,,,,,,9.33,9.33,2.82,2.82,9.33,9.33,,,,,,,,,,,,,,,,,,,,,,,,,,,,,,,no
125850,,,PSCIS,"ROAD, RESOURCE/OTHER",OBS,PASSABLE,Leo Creek FSR,,356338407,,,,,,,,,,,,,,,,,,,,,,,,,,,,13501048,ASSESSED,BRIDGE,Kazchek (300 Rd),Sandypoint Creek,"Documented SK, DV, KO, RB.",10/12/2013,,,,,,10,330470,6112717,1546,100.567134.179319.815989.532920.406879,100.567134.179319.815989.532920.406879,MIDR,,1200000018,1,,,,,,3.64,3.64,3.43,3.43,3.68,3.68,,,,,,,,,,,,,,,,,,,,,,,,,,,,,,,no
125851,,,PSCIS,RAIL,OBS,PASSABLE,,None,356338407,,,,,,,,,,,,,,,,,,,,,,,,,,,,13501137,ASSESSED,BRIDGE,Railroad,Sandypoint Creek,"Abandoned RR crossing. Documented SK, DV, KO, RB.",10/12/2013,,,,,,10,330463,6112676,1505,100.567134.179319.815989.532920.406879,100.567134.179319.815989.532920.406879,MIDR,,1200000018,1,,,,,,3.68,3.68,3.47,3.47,3.72,3.72,,,,,,,,,,,,,,,,,,,,,,,,,,,,,,,no
125853,,,PSCIS,"ROAD, RESOURCE/OTHER",OBS,PASSABLE,,,356327433,,,,,,,,,,,,,,,,,,,,,,,,,,,,24200428,ASSESSED,BRIDGE,Austin,Paula Creek,Mismapped stream - much wider and more flow than indicated on map. Unknown fish status.,10/13/2013,,,,,,10,341659,6078767,10869,100.567134.179319.815989.780459,100.567134.179319.815989.780459.480051,UTRE,Paula Creek,1024200019;1200000017;1200000012,3,,,,,,1.67,1.67,0,0,1.67,1.67,,,,,,,,,,,,,,,,,,,,,,,,,,,,,,,no
125878,,,PSCIS,"ROAD, RESOURCE/OTHER",OBS,PASSABLE,Middle FSR,,356328051,,,,,,,,,,,,,,,,,,,,,,,,,,,,13500674,ASSESSED,BRIDGE,Middle (700 Rd),VanDeCar Creek,"Left abutment eroded. Documented SK, DV, KO.",10/15/2013,,,,,,10,350041,6093154,833,100.567134.179319.815989.532920.184512,100.567134.179319.815989.532920.184512,MIDR,Van Decar Creek,,0,1200000014,1,,,,1.72,1.72,4.48,1.72,4.48,1.72,,,,,,,,,,,,,,,,,,,,,,,,,,,,,,,no
125882,,,PSCIS,"ROAD, RESOURCE/OTHER",OBS,PASSABLE,Middle FSR,,356357673,,,,,,,,,,,,,,,,,,,,,,,,,,,,24715488,ASSESSED,BRIDGE,Middle (700 Rd),One-ell Creek,"Documented SK, DV, RB.",10/15/2013,,,,,,10,346428,6096678,1626,100.567134.179319.815989.532920.228132,100.567134.179319.815989.532920.228132,MIDR,O'Ne-ell Creek,,0,,,,,,6.47,6.47,4.27,4.27,8.74,8.74,,,,,,,,,,,,,,,,,,,,,,,,,,,,,,,no
125883,,,PSCIS,"ROAD, RESOURCE/OTHER",OBS,PASSABLE,Middle FSR,,356351073,,,,,,,,,,,,,,,,,,,,,,,,,,,,24715489,ASSESSED,BRIDGE,Middle (700 Rd),Forfar Creek,"Documented SK, DV, KO.",10/15/2013,,,,,,10,342058,6101116,1679,100.567134.179319.815989.532920.282936,100.567134.179319.815989.532920.282936,MIDR,,,0,,,,,,1.16,1.16,3.13,3.13,3.13,3.13,,,,,,,,,,,,,,,,,,,,,,,,,,,,,,,no
125884,,,PSCIS,"ROAD, RESOURCE/OTHER",OBS,PASSABLE,Sakeniche FSR,,356363115,,,,,,,,,,,,,,,,,,,,,,,,,,,,24715494,ASSESSED,BRIDGE,Sakeniche (900 Rd),Middle River,"Documented CH, SK, BB, BT, DV, KO, LT, RB, WSG, CC.",10/15/2013,,,,,,10,340283,6103778,39016,100.567134.179319.815989.532920,100.567134.179319.815989.532920.297922,MIDR,,,0,1020000184;1020000927;1020001281;1020001538;1200000015;1200000016;1200000018;1200000035;203995;203996;204008;204010,12,,,,424.85,384.23,2512.3,2492.5,2680.48,2633.75,,,,,,,,,,,,,,,,,,,,,,,,,,,,,,,no
125885,,,PSCIS,"ROAD, RESOURCE/OTHER",OBS,PASSABLE,Sakeniche FSR,,356293242,,,,,,,,,,,,,,,,,,,,,,,,,,,,13500999,ASSESSED,BRIDGE,Sakeniche (900 Rd),Gluskie Creek,"Guards are rotting. Documented SK, BB, DV, KO, RB, CC.",10/15/2013,,,,,,10,339440,6103609,809,100.567134.179319.815989.532920.309568,100.567134.179319.815989.532920.309568,MIDR,,1200000016,1,,,,,,8.95,8.95,2.35,2.35,10.26,10.26,,,,,,,,,,,,,,,,,,,,,,,,,,,,,,,no
125887,,,PSCIS,"ROAD, RESOURCE/OTHER",OBS,PASSABLE,Sakeniche FSR,,356354313,,,,,,,,,,,,,,,,,,,,,,,,,,,,24715493,ASSESSED,BRIDGE,Sakeniche (900 Rd),Bivouac Creek,"Documented SK, KO.",10/15/2013,,,,,,10,335548,6105573,1013,100.567134.179319.815989.532920.341598,100.567134.179319.815989.532920.341598,MIDR,Bivouac Creek,,0,,,,,,0.9,0.9,2.37,2.37,2.37,2.37,,,,,,,,,,,,,,,,,,,,,,,,,,,,,,,no
125895,,,PSCIS,"ROAD, RESOURCE/OTHER",OBS,PASSABLE,,,356357673,,,,,,,,,,,,,,,,,,,,,,,,,,,,13500767,ASSESSED,BRIDGE,A70217,One-ell Creek,"Rotten deck. Documented SK, DV.",10/16/2013,,,,,,10,346157,6096149,2338,100.567134.179319.815989.532920.228132,100.567134.179319.815989.532920.228132.114364,MIDR,O'Ne-ell Creek,,0,,,,,,1.29,1.29,3.56,3.56,3.56,3.56,,,,,,,,,,,,,,,,,,,,,,,,,,,,,,,no
197621,,,PSCIS,RAIL,OTHER,PASSABLE,,None,356362075,,,,,,,,,,,,,,,,,,,,,,,,,,,,20001251,REMEDIATED,REMOVED,Railroad,Sitlika Creek,,8/19/2020,,,,,,9,675685,6176933,2320,100.567134.179319.815989.532920.990487,100.567134.179319.815989.532920.990487.081815,TAKL,Sitlika Creek,,0,,,,,,1.76,1.76,0.41,0.41,1.76,1.76,,,,,,,,,,,,,,,,,,,,,,,,,,,,,,,no
203983,203983,19300000,PSCIS,"ROAD, DEMOGRAPHIC",OBS,PASSABLE,Douglas Ave,,356360517,Nahounli Creek,Douglas Ave,Stream crossing - OBS,,,Excluded structure,Barrier assessment,Passable,Field assessment,,,,,,,,,,,,,,,,OBS bridge,,,19300000,ASSESSED,BRIDGE,Douglas Avenue,Nahounli Creek,OBS-bridge. Upstream and downstream photos taken. Width measurement was estimated.,6/25/2025,,,,,,10,418881,6033868,1727,100.567134.179319.596213,100.567134.179319.596213,STUL,Nahounli Creek,,0,204004,1,,,,12.79,11.77,0,0,12.79,11.77,,,,,,,,,,,,,,,,,,,,,,,,,,,,,,,no
203984,203984,19200001,PSCIS,"ROAD, DEMOGRAPHIC",CBS,PASSABLE,Ash St E,,356360517,Nahounli Creek,Ash St. E,Stream crossing - CBS,,,Excluded structure,Barrier assessment,Passable,Field assessment,,,,,,,,,,,,,,,,Passable,"Two closed bottom arch culverts, total width taken from sum of both culverts. Fry observed upstream and downstream; abundant spawning gravel, perennial flow, functional cover and deep pools.",,19300001,ASSESSED,ROUND,Ash St. E,Nahounli Creek,"CBS-passable. Two closed bottom arch culverts, total width taken from sum of both culverts. Fry observed upstream and downstream; abundant spawning gravel, perennial flow, functional cover and deep pools. RB Cv= 2.63W x 2.16 H ; LB Cv= 2.62W x 2.11H",6/25/2025,,,,,,10,418925,6033884,1782,100.567134.179319.596213,100.567134.179319.596213,STUL,Nahounli Creek,,0,204004,1,,,,12.73,11.71,0,0,12.73,11.71,,,,,,,,,,,,,,,,,,,,,,,,,,,,,,,no
203985,203985,Narrows Cr (20000238),PSCIS,"ROAD, DEMOGRAPHIC",OBS,PASSABLE,private driveway,,356350149,Tributary to Takla Lake,Branch off 300 FSR,Stream crossing - OBS,,,Excluded structure,Barrier assessment,Passable,Field assessment,,,,,,,,,,,,,,,,,OBS Bridge,High spawning potential,20000238,ASSESSED,BRIDGE,Branch off 300 FSR,Tributary to Takla Lake,"OBS-bridge. High spawning potential. Abundant suitable gravel present, some fines. High rearing potential - pools, stable cwd present, overhanging vegetation. Good migrating corridor. Overwintering potential in some deep pools and close proximity to Takla Lake",11/1/2025,,,,,,10,327153,6117012,654,100.567134.179319.815989.532920.457753,100.567134.179319.815989.532920.457753,TAKL,,,0,,,,,,5.81,5.81,2.85,2.85,5.81,5.81,,,,,,,,,,,,,,,,,,,,,,,,,,,,,,,no
203986,203986,Trib 1 to Stuart Lk @ Branch off Leo FSR (LEO-3/19302252),PSCIS,RAIL,CBS,BARRIER,,None,356357152,Tributary to Stuart Lake,Branch off Leo FSR,Stream crossing - CBS,,,Data-deficient barrier,Barrier assessment,,,,,Low,,,,,,,,,Habitat confirmation (data deficient structures only),,,,,"Two culverts , all flow in LB Cv. LB Cv=1.2Wx21.9H ; RB Cv=1.2Wx22H. Railway track and fill removed down to Cv and replaced w/ riprap. Flow discharges onto riprap, no outlet pool. Breached upstream beaverdam. Low flow, lacking deep pools, undercut banks and spawning gravel. Channel width unknown due to lack of continuous defined banks; has likely been ditched - lower LB cv used as 1.2 m diameter",,19302252,ASSESSED,ROUND,Branch Road off Leo FSR,Unnamed Tributary to Stuart Lake,"CBS-barrier. Two culverts , all flow in LB Cv. LB Cv=1.2Wx21.9H ; RB Cv=1.2Wx22H. Railway track and fill removed down to Cv and replaced w/ riprap. Flow discharges onto riprap, no outlet pool. Breached upstream beaverdam. Low flow, lacking deep pools, undercut banks and spawning gravel. Channel width unknown due to lack of continuous defined banks; has likely been ditched - lower LB cv used as 1.2m diameter.",6/26/2025,,,,,,10,392411,6057461,1188,100.567134.179319.780991.179612,100.567134.179319.780991.179612.021837,STUL,,203987;203990;62678,3,,,,,,0,0,0.14,0.14,0.14,0.14,9612,0,3,0,"[ ""8682"" ]",,,,,,8993,0.2,2,0.1,"[ ""8682"", ""8992"" ]",16,25,16,17,B,6513,0.2,2,0.1,"[ ""6512"", ""8992"" ]",20,30,20,21,C,no
203987,203987,Trib 1 to Stuart Lk @ Branch of Leo FSR (LEO-2/19300003),PSCIS,"ROAD, DEMOGRAPHIC",CBS,BARRIER,unsigned,,356357152,Tributary to Stuart Lake,Branch off LEo FSR,Stream crossing - CBS,,,Data-deficient barrier,Barrier assessment,,,,,Low,,,,,,,,,Habitat confirmation (data deficient structures only),,,,,Scores as barrier but culverts are backwatered and passable to fish. Sucker fry observed upstream. Limited deep pools and absence of functional cover.,,19300003,ASSESSED,ROUND,Branch Road off Leo FSR,Unnamed Tributary to Stuart Lake,"CBS rated as barrier, however culverts are backwatered and passable to fish regardless of barrier score. Two backwatered culverts; LB Cv measured; LB Cv= 1.2Wx21H ; RB Cv=1.2Wx22.3H. Sucker fry observed upstream. Limited deep pools and absence of functional cover.",6/26/2025,,,,,,10,392380,6057401,1120,100.567134.179319.780991.179612,100.567134.179319.780991.179612.021837,STUL,,203990;62678,2,203986,1,,,,0,0,0.2,0.06,0.2,0.06,9612,0,3,0,"[ ""8682"" ]",,,,,,8993,0.2,2,0.1,"[ ""8682"", ""8992"" ]",16,25,16,17,B,6513,0.2,2,0.1,"[ ""6512"", ""8992"" ]",20,30,20,21,C,no
203988,203988,Trib 2 to Middle R @ Leo Cr FSR (KAZ-1.2/13501024),PSCIS,"ROAD, RESOURCE/OTHER",CBS,BARRIER,Leo Creek FSR,,356342180,Tributary to Middle River,Leo Creek FSR,Stream crossing - CBS,,,Excluded structure,Barrier assessment,No key upstream habitat,Field assessment,,,Low,,,,,,,,,,,,,,"rated as barrier however, backwatered therefore likely passable for all species and life stages. No action recomended. Wetland bisected by FSR. Series of 4 culverts under road with two appearing to be at same elevation and determining flow (two used for total measurement of CV). Ponded wetlands upstream and downstream of all 4 culverts. Small stream with defined banks flows out of culvert 2 for ~30m before transitioning to a braided network of streams without defined banks before flowing into downstream wetland. Approximately 30m of defined channel, lots of CWD with overhanging veg, small gravel, and fines. Downstream wetland separated by ~60m of braided undefined channels. slow is slow moving with slope ~1%. Fix based on CWF reccomendations noting that beavers will likely be an ongoing issue. ",,13501024,ASSESSED,ROUND,Leo Creek FSR,Unnamed wetland,"CBS-rated as barrier however, backwatered therefore likely passable for all species and life stages. No action recomended. Wetland bisected by FSR. Series of 4 culverts under road with two appearing to be at same elevation and determining flow (two used for total measurement of CV). Ponded wetlands upstream and downstream of all 4 culverts. Small stream with defined banks flows out of culvert 2 for ~30m before transitioning to a braided network of streams without defined banks before flowing into downstream wetland. Approximately 30m of defined channel, lots of CWD with overhanging veg, small gravel, and fines. Downstream wetland separated by ~60m of braided undefined channels. slow is slow moving with slope ~1%. Fix based on CWF reccomendations noting that beavers will likely be an ongoing issue.",10/31/2025,,,,,,10,342762,6103247,1225,100.567134.179319.815989.532920.279524,100.567134.179319.815989.532920.279524.145129,MIDR,,1013501298,1,,,2.25457E+13,,,0,0,0,0,0,0,,,,,,,,,,,,,,,,,,,,,,,,,,,,,,,no
203989,203989,20001201,PSCIS,"ROAD, RESOURCE/OTHER",OBS,PASSABLE,Sakeniche FSR,,356356910,Tributary to Dust Creek,Jinx FSR,Stream crossing - OBS,,,Excluded structure,Barrier assessment,Passable,Field assessment,,,,,,,,,,,,,,,,OBS bridge,PSCIS coordinates entered incorrectly (PSCIS 203989). ,,20001201,ASSESSED,BRIDGE,Jinx FSR,Unnamed Stream,"OBS-bridge. Very slow, wide, stream upstream of bridge. Lots of CWD, some deep sections/ glides, undercut banks, and overhanging veg, instream veg. good rearing potential. Small boulders, large cobbles make for poor spawning habitat. Some overwintering potential.",11/2/2025,,,,,,9,684054,6139973,1624,100.567134.179319.815989.532920.447917.553748,100.567134.179319.815989.532920.447917.553748.007048,TAKL,,,0,,,,,,0.29,0.29,0.64,0.64,0.64,0.64,,,,,,,,,,,,,,,,,,,,,,,,,,,,,,,no
203990,203990,Trib 1 to Stuart Lk @ Branch of Leo FSR (LEO-1/19301000),PSCIS,"ROAD, RESOURCE/OTHER",CBS,BARRIER,,,356357152,Tributary to Stuart Lake,Branch off Leo FSR,Stream crossing - CBS,,,Data-deficient barrier,Barrier assessment,,,,,Medium,,,Low,,,,,,Habitat confirmation (data deficient structures only),,,,Two culverts with no flow. Appears to be ephemeral with some potential rearing value. No spawning potential - substrates are fines. Modeled as SK spawning only.,,,19301000,ASSESSED,ROUND,Branch of Leo FSR,Unnamed Tributary to Stuart Lake,"CBS-barrier. Two culverts with no flow (some water pooled in the center) LB cv. = 1.55Wx1.64Hx28L. RB cv. (1W x 1H x 28L). Right bank measured (facing downstream) as its lower elevation. Stream appears to have ephemeral flow with possible rearing value therefore rated medium habitat value based on PSCIS definitions. Substrate appears to be fines, and likely little to no spawning value (spring). Overall, low priority",8/13/2025,,,,,,10,392328,6057172,877,100.567134.179319.780991.179612,100.567134.179319.780991.179612.021837,STUL,,62678,1,203986;203987,2,,,,0,0,0.45,0.25,0.45,0.25,9612,0,3,0,"[ ""8682"" ]",,,,,,8992,0.25,1,0.25,"[ ""8682"" ]",15,24,14,16,B,6512,0.25,1,0.25,"[ ""8992"" ]",19,29,18,19,B,yes
203992,203992,Trib 1 to Middle R @ Austin FSR (MID-1/13500698),PSCIS,"ROAD, RESOURCE/OTHER",CBS,BARRIER,Middle FSR,,356305159,Tributary to Middle River,Austin FSR,Stream crossing - CBS,,,Excluded structure,Barrier assessment,No key upstream habitat,Field assessment,,,Medium,,,,,,,,,,,,,,"Moderate to low habitat value, no spawning habitat observed. Difficult to replace wiht OBS or retrofit. Potential good rearing in pools and deeper sections. No modeled habitat present.",,13500698,ASSESSED,ROUND,Austin FSR,Unnamed Trib to Middle river,"CBS-rated as barrier. Very long culvert may be hard to replace with OBS and not feasible to embed. Likely not worth the effort to remediate as stream is moderate to low value and no spawning habitat observed however, if fixing may need to replace with OBS with clear span or simulated stream bed as backwatering likely not possible based on gradient of stream and culvert.  Multiple step pools upstream and downstream. SWD present, small boulders, small-large cobbles. Potential good rearing in pools and deeper sections. Poor/no spawning habitat. Abundant overhanging veg, some undercut banks.",10/31/2025,,,,,,10,356605,6086366,1318,100.567134.179319.815989.532920.108850,100.567134.179319.815989.532920.108850.200696,MIDR,,,0,,,,,,0,0,0,0,0,0,,,,,,,,,,,,,,,,,,,,,,,,,,,,,,,no
203994,203994,Trib to Sitlika Cr @ Driftwood FSR (TAK-12/20001363),PSCIS,"ROAD, RESOURCE/OTHER",CBS,BARRIER,Driftwood FSR,,356279193,Tributary to Sitlika Creek,Driftwood FSR,Stream crossing - CBS,,,Data-deficient barrier,Barrier assessment,,,,,Medium,,,,,,,,,Habitat confirmation (data deficient structures only),,,,"Barrier at low flow, may be backwatered and passable at higher flows. Some spawning gravels, good rearing habitat. Lots of fines, sime cobbles and small boulders. No modeled habitat. Unassessed modeled crossing downstream (between railway and Driftwood FSR)",,,20001361,ASSESSED,ROUND,Driftwood FSR,Unnamed stream,"CBS-rated as barrier. At higher flows this site may be backwatered and passable. Recommend installing weirs to create backwatering if doing any remediation. Abundant SWD and LWD. Lots of overhanging vegetation. Some spawning gravel. Lots of undercut banks, some instream vegetation. Centre of culvert slightly crushed from above. Good rearing habitat. Lots of fines, some cobbles and small boulders.",10/29/2025,,,,,,9,677253,6177988,1568,100.567134.179319.815989.532920.990487.131602,100.567134.179319.815989.532920.990487.131602,TAKL,,1020001473,1,,,,,,0,0,0,0,0,0,,,,,,,,,,,,,,,,,,,,,,,,,,,,,,,no
203995,203995,MacDougall Cr @ 900 FSR (SAK-3/20001205),PSCIS,"ROAD, RESOURCE/OTHER",CBS,BARRIER,Sakeniche FSR,,356343575,MacDougall Creek,900 FSR,Stream crossing - CBS,,,Data-deficient barrier,Barrier assessment,,,Yes,Proportion of individuals,,,,,,,,,,Habitat confirmation (data deficient structures only),,,,"Barrier, likely passable to some species and life stages but would be improved with embedment or OBS. ","Moderate value with suitable spawning gravels mixed with cobbles, rearing potential present. Lowe overwintering potential except in plunge pool.",,20001205,ASSESSED,ROUND,900 FSR,Macdougall Creek,"CBS-rated as barrier however, culvert likely passable for some species and life stages but could be improved with embedddment or OBS. Stream appears to have moderate value. riffled for most of the length. 2 deep pools at outlet and behind LWD/ beaver dam. Suitable gravel present for spawning, mixed with cobble. Stable CWD present. Rearing potential present with some pooling. 10m long deep pool at outlet. Low overwintering potential outside of outlet pool. some spawning potential downstream.",11/1/2025,,,,,,9,688256,6120005,27341,100.567134.179319.815989.532920.447529,100.567134.179319.815989.532920.447529.617867,TAKL,Macdougall Creek,,0,,,,,,2.4,2.4,5.6,5.6,5.6,5.6,6512,2.4,1,2.4,,9,9,10,10,A,6512,5.6,1,5.6,,4,4,5,4,A,7132,5.6,1,5.6,,6,6,9,7,A,yes
203996,203996,Teegee Cr @ Fall Rd (FAL-2/20000645),PSCIS,"ROAD, RESOURCE/OTHER",CBS,BARRIER,Fall FSR,,356359054,Tributary to Takla Lake,Fall Road,Stream crossing - CBS,,,Data-deficient barrier,Barrier assessment,,,,,Medium,,,,,,,,,Habitat confirmation (data deficient structures only),,,,"Barrier, large outlet drop. Limited spawning gravels, lacks pools.","CBS-rated as barrier. Large outlet drop, backwatering not feasible. Recomend replacing with OBS due to gradient of stream. Mix of LWD and SWD, lacks pools - rearing potential. Lacks consistent spawning gravels, mostly small boulders and cobbles. Low spawning. Upstream slope up to 4% riffle. Large drop at outlet, seen from inlet. Barrel depressed near outlet.",,20000645,ASSESSED,OVAL,Old Fall Road,Teegee Creek,"CBS-rated as barrier. Large outlet drop, backwatering not feasible. Recomend replacing with OBS due to gradient of stream. Mix of LWD and SWD, lacks pools - rearing potential. Lacks consistent spawning gravels, mostly small boulders and cobbles. Low spawning. Upstream slope up to 4% riffle. Large drop at outlet, seen from inlet. Barrel depressed near outlet.",11/1/2025,,,,,,9,687688,6170690,12474,100.567134.179319.815989.532920.881436,100.567134.179319.815989.532920.881436.367349,TAKL,,1200000035;204008;204010;1020000184,4,,,,,,6.74,6.74,0,0,6.74,6.74,7442,14.03,5,2.806,,8,8,2,5,A,7444,0,2,0,"[ ""7442"", ""7443"" ]",,,,,,8682,14.03,5,2.806,,10,10,4,6,A,yes
203997,203997,Trib to Sitlika Cr @ Driftwood FSR TAK-11/20000764),PSCIS,"ROAD, RESOURCE/OTHER",CBS,BARRIER,Driftwood FSR,,356362395,Tributary to Sitlika Creek,Driftwood FSR,Stream crossing - CBS,,,Data-deficient barrier,Barrier assessment,,,,,Medium,,,Low,,,,,,Habitat confirmation (data deficient structures only),,,,No modeled habitat but values to be verified in field,"Low to mod habitat value, wetland complex upstream of crossing. No suitable spawning habitat. Beaver dam 5 m upstream impedes flows. Middle of culvert partially collapsed.",,20000764,ASSESSED,ROUND,Driftwood FSR,unknown,"CBS-rated as barrier. Culvert likely a barrier however, associated habitat is low maybe moderate value with wetland complex upstream of culvert. Likely not worth the effort to remediate. Culvert may backwater at higher flows and become passable. Lots of LWD and SWD. Lacks suitable spawning gravels, beaver dam 5m upstream of inlet impedes flow. Overhanging vegetation present. Middle of culvert partially collapsed.",11/1/2025,,,,,,9,676567,6178513,183,100.567134.179319.815989.532920.990487.192457,100.567134.179319.815989.532920.990487.192457,TAKL,,,0,,,,,,0,0,0,0,0,0,,,,,,,,,,,,,,,,,,,,,,,,,,,,,,,no
203998,203998,12601069,PSCIS,"ROAD, RESOURCE/OTHER",OBS,PASSABLE,,,356360979,Tezzeron Creek,Branch off Germansen FSR,Stream crossing - OBS,,,Excluded structure,Barrier assessment,Passable,Field assessment,,,,,,,,,,,,,,,,OBS bridge,Old spawning redd observed below bridge.,,12601069,ASSESSED,BRIDGE,Branch road to Germansen FSR,Tezzeron Creek,"OBS-bridge. Wooden bridge - attempted repairs to damage, 2 holes in center. high flow rate. Beaver chew present, old spawning redd found below bridge. Good spawning gravels, cobbles, and boulders. Some undercut banks and pools, good cover and overhanging vegetation.",8/16/2025,,,,,,10,416438,6094034,88643,100.567134.179319.815989.290384.989223,100.567134.179319.815989.290384.989223.903477,LTRE,Tezzeron Creek,1200000034,1,,,,,,0.97,0.97,0,0,0.97,0.97,,,,,,,,,,,,,,,,,,,,,,,,,,,,,,,no
203999,203999,12600939,PSCIS,"ROAD, RESOURCE/OTHER",OBS,PASSABLE,,,356360833,Hatdudatehl Creek,Branch off Inzana FSR,Stream crossing - OBS,,,Excluded structure,Barrier assessment,Passable,Field assessment,,,,,,,,,,,,,,,,OBS bridge,"Bridge construction cased pooled sediment under bridge. Lots of beaver activity, western toad, ducks, ermine.",,12600939,ASSESSED,BRIDGE,Branch road off Inzana FSR,Hatdudatehl Creek,"OBS-bridge. Some fresh beaver chew up and downstream. CWD in stream downstream - directs some flow. Riffle pool upstream. Bridge construction caused pooled sediment under bridge. Mature rainbow observed - min. 8 inches. Functional cover, some rearing potential. A few deep pools. high spawning potential.",8/16/2025,,,,,,10,407263,6083277,40378,100.567134.179319.815989.290384.820062,100.567134.179319.815989.290384.820062.688617,LTRE,Hatdudatehl Creek,,0,,,,,,2.38,2.38,19.49,19.49,21.12,21.12,,,,,,,,,,,,,,,,,,,,,,,,,,,,,,,no
204000,204000,20000196,PSCIS,"ROAD, RESOURCE/OTHER",OBS,PASSABLE,,,356361497,Bates Creek,Abandoned airstrip off Driftwood FSR,Stream crossing - OBS,,,Excluded structure,Barrier assessment,Passable,Field assessment,,,,,,,,,,,,,,,,OBS bridge,Salmon head found.,,20000196,ASSESSED,BRIDGE,abandoned air strip off Driftwood FSR,Bates Creek,"OBS-Bridge. LWD functions to slow flow, creates pools, SWD also present. Salmon head found. Migrating, spawning, all good. Moderate rearing and occasional deep pools.",10/31/2025,,,,,,9,673658,6177393,1402,100.567134.179319.815989.532920.997351,100.567134.179319.815989.532920.997351,TAKL,Bates Creek,,0,,,,,,19.73,19.73,3.6,3.6,19.73,19.73,,,,,,,,,,,,,,,,,,,,,,,,,,,,,,,no
204001,204001,Pitka Cr @ Frost Rd (PIT-4/19300009),PSCIS,"ROAD, DEMOGRAPHIC",CBS,POTENTIAL,Frost Rd,,356357216,Pitka Creek,Frost Road,Stream crossing - CBS,,,Data-deficient barrier,Barrier assessment,,,Yes,,Medium,,,,,,,,,Engage with partners,2/27/2026,,,"Scores as potential barrier but likely passable - fully backwatered, well sized","Swampy ponded wetland upstream and downstream, lacks continuous defined banks. Side channel upstream has some cobbles, gravel and boulders. Frog/toad observed and leeches.",,19300009,ASSESSED,CRTBOX,Frost Rd,Pitka Creek,"CBS-rated as potential barrier, however Backwatered 100% therefore passable. Also structure is in good shape and is well sized with the two box culverts and no action recomended. Structure diameter used as channel width due to lack of natural channel. Ponded US and DS (swampy wetland). Lacks continuous defined banks. No channel measurements. US side channel has cobbles, some gravel, and boulders. Frog/toad observed and leeches.",8/18/2025,,,,,,10,416000,6025278,11789,100.567134.179319.612053,100.567134.179319.612053.253287,STUL,Pitka Creek,1019300424;1019301062;1019301069,3,,,,,,2.26,2.26,0,0,2.26,2.26,1242,8.67,4,2.1675,,10,10,7,9,A,623,0,1,0,"[ ""622"" ]",,,,,,622,8.67,4,2.1675,,13,13,8,11,B,yes
204002,204002,Nahounli Cr @ Hampton Lumber (NAH-3/19301070),PSCIS,"ROAD, RESOURCE/OTHER",OBS,PASSABLE,,,356360517,Nahounli Creek,Off Takla Road through Hampton Lumber,Stream crossing - OBS,,,Priority barrier,Barrier assessment,,,,,,,,,,,,,,Engage with barrier owner,,,,OBS bridge,"Small ATV or walking bridge in poor condition, nearly underwaterd. Likely not impeding passage but could be removed or replaced.",,19301070,ASSESSED,BRIDGE,Off Takla Rd (Through Hampton Lumber),Nahounli Creek,"OBS-bridge. Small bridge (ATV use or walking only) is in poor condition and nearly under water from damage. Likely not impeding fish passage although could be removed or replaced. Appears to be for recreational access only.  Access: 40 min walk SE of Hampton Lumber back gate. Deactivated Bridge (narrow atv-wooden plank crossing). Beaver lodge US and several US/DS dams. Western toad, ducks, and ermine observed",8/19/2025,,,,,,10,422906,6035228,7380,100.567134.179319.596213,100.567134.179319.596213.285103,STUL,Nahounli Creek,,0,,,,,,5.08,5.08,0,0,5.08,5.08,,,,,,,,,,,,,,,,,,,,,,,,,,,,,,,yes
204003,204003,Nahounli Cr @ Hampton Lumber (NAH-4/19300658),PSCIS,"ROAD, RESOURCE/OTHER",CBS,PASSABLE,,,356360517,Nahounli Creek,Off Takla Road through Hampton Lumber,Stream crossing - CBS,,,Priority barrier,Barrier assessment,,,,,,,,,,,,,,Engage with barrier owner,,,,Passable. Road deactivated. Culverts left in place but stream has eroded around them so no fish passage issues. ,Consider adding to list for owner follow up.,,19300658,ASSESSED,ROUND,Off Takla Rd (Through Hampton Lumber),Nahounli Creek,"CBS-passable. Appears that road is deactivated, and road is not in use. Culverts have been left in place and are not actually functioning at all, as stream has eroded around them therefore they are not causing fish passage issues. old rusted out and broken culverts at stream edge culvert diameter estimated due to breakage and being 90% submerged. Embeddedment is difficult to measure due to culvert being submerged. 80% cv exposed with no fill. Looks like loggers left ~5 logs for a bridge. beaver dam blocking/clogging culvert caused water to erode banks and go around culvert. deactivated road - 2 failed culverts.",8/19/2025,,,,,,10,425202,6034711,10377,100.567134.179319.596213,100.567134.179319.596213.299893,STUL,Nahounli Creek,,0,,,,,,2.08,2.08,0,0,2.08,2.08,,,,,,,,,,,,,,,,,,,,,,,,,,,,,,,yes
204004,204004,Prairie Meadow Rd @ Hampton Lumber (PMC-2/19301094),PSCIS,"ROAD, RESOURCE/OTHER",CBS,BARRIER,,,356357338,Prairie Meadow Creek,Takla Road (through Hampton Lumber),Stream crossing - CBS,,,Data-deficient barrier,Barrier assessment,,,,,Medium,,,,,,,,,Habitat confirmation (data deficient structures only),,,,Scores as barrier but fully backwatered so could be passable. Can not see outlet so could have debris or damaged end. ,Buried in ~14 m high ridge up to train tracks (fill depth),,19301094,ASSESSED,ROUND,Takla Road(through Hampton Lumber),Prairie Meadow Creek,"CBS-rated as barrier. Culvert is fully backwatered and likely passable however, cannot see outlet so could have debris or damaged end. Multiple overflow culverts nearby and at higher elevation. Replacement is not realistic based on fill depth and railway, would recomend leaving this alone or augmenting with additional culverts at water level. Slope was estimated based on it being backwatered (90%submerged) and stream slope. Cannot see through CV. Or see US inlet - buried in ~14m high ridge up to train tracks (fill depth)",8/19/2025,,,,,,10,423090,6036010,1081,100.567134.179319.596213.285103,100.567134.179319.596213.285103.047510,STUL,Prairie Meadow Creek,,0,,,,,,1.02,1.02,0,0,1.02,1.02,312,1.02,1,1.02,,12,11,12,11,B,1862,0,1,0,,,,,,,8062,1.02,1,1.02,,16,15,16,15,B,yes
204005,204005,Trib to Driftwood R @ Ankwill FSR (ANK-0.1/4300371),PSCIS,"ROAD, RESOURCE/OTHER",CBS,BARRIER,Ankwill FSR,,356314324,Tributary to Driftwood River,Ankwill FSR,Stream crossing - CBS,,,Data-deficient barrier,Barrier assessment,,,Yes,Proportion of time,Medium,,,,,,,,,Habitat confirmation (data deficient structures only),,,,Barrier or possible barrier at certain flows,"2 unknown fish spotted. Good rearing, some suitable gravels near crossing with potential for more. Length of culvert a potential barrier. (no modelled habitat)",,4300371,ASSESSED,ROUND,Ankwill Creek Road,Unnamed Trib to Driftwood river,"CBS-barrier or possible barrier at certain flows. Recomend replacing with OBS or CBS with embeddment. Two culverts, similarly sized and elevation therefore sum of two widths used for culvert width. 2 unknown fish spotted. Some undercuts, mediocre overwintering habitat. Good rearing, continuous flow and some suitable gravels near crossing with potential for more based on gradient, size of stream, and substrate observed. Length of culvert a potential barrier.",10/28/2025,,,,,,9,671321,6176450,710,100.567134.179319.815989.532920.992397.027223,100.567134.179319.815989.532920.992397.027223,DRIR,,,0,,,,,,0,0,0,0,0,0,,,,,,,,,,,,,,,,,,,,,,,,,,,,,,,no
204006,204006,19300993,PSCIS,"ROAD, RESOURCE/OTHER",OBS,PASSABLE,,,356364687,Whitefish Creek,Gravel pit road off Yekooche FSR,Stream crossing - OBS,,,Excluded structure,Barrier assessment,Passable,Field assessment,,,,,,,,,,,,,,,,OBS bridge.,"potential salmon stream. 3-4 rainbow(?) juveniles observed upstream. High spawning potential, med rearing.",,19300993,ASSESSED,BRIDGE,Gravel pit rd off of Yekooche FSR,Whitefish Creek,"OBS-bridge. Substrate estimated to be 65% cobble 35% gravel. Some old beaver chew 60m upstream. low flow; potential salmon stream (rotten fish smell, eagle feathers. medium - high spawning potential; medium rearing; some small pools. undercut banks and overhanging vegetation. 3-4 juveniles observed US (probably rainbow).",8/20/2025,,,,,,10,366626,6052029,3681,100.567134.179319.910475,100.567134.179319.910475,STUL,Whitefish Creek,,0,1019300290,1,,,,7.09,6.67,23.93,0.52,30.07,6.66,,,,,,,,,,,,,,,,,,,,,,,,,,,,,,,no
204008,204008,Teegee Cr @ Driftwood FSR (TAK-7/20000644),PSCIS,"ROAD, RESOURCE/OTHER",CBS,BARRIER,Fall FSR,,356359054,Tributary to Takla Lake,Driftwood FSR,Stream crossing - CBS,,,Data-deficient barrier,Barrier assessment,,,,,Medium,,,,,,,,,Habitat confirmation (data deficient structures only),,,,Barrier,High beaver activity. Upstream ponded and stagnant. Lack of continous banks downstream. No suitable spawning gravels 50 m downstream. ,,20000644,ASSESSED,ROUND,Drftwood FSR,Unnamed stream,"CBS-rated as barrier. Could attempt to backwater outlet area to provide some passability especially in higher flows. This could be challenging due to beaver activity therefore, reccomendation is to install clearspan OBS to avoid beaver issues. Upstream is ponded and stagnant. Downstream lacks continuous banks due to beaver activity. Undercut banks, overhanging vegetation and no suitable spawning gravels 50m downstream. All 50 m downstream are impacted by beaver activity. Culvert inlet itself is filled by beaver dam. Channel width likely overestimated due to challenging conditions.",10/27/2025,,,,,,9,685403,6167890,7341,100.567134.179319.815989.532920.881436,100.567134.179319.815989.532920.881436.227302,TAKL,,204010;1020000184,2,1200000035;203996,2,,,,11.81,0.84,0.02,0.02,11.81,0.84,7442,14.03,5,2.806,,8,8,2,5,A,7443,0.02,1,0.02,"[ ""7442"" ]",17,26,18,18,B,8682,14.03,5,2.806,,10,10,4,6,A,yes
204009,204009,20001048,PSCIS,"ROAD, RESOURCE/OTHER",OBS,PASSABLE,,,356359054,Tributary to Takla Lake,Branch off Driftwood FSR,Stream crossing - OBS,,,Excluded structure,Barrier assessment,Passable,Field assessment,,,,,,,,,,,,,,,,OBS bridge,,,20001048,ASSESSED,BRIDGE,Branch off Driftwood FSR,Unnamed Trib to Takla Lake,"OBS-Bridge, fully passable and in good condition. No actions recommended",10/27/2025,,,,,,9,684412,6167724,5200,100.567134.179319.815989.532920.881436,100.567134.179319.815989.532920.881436,TAKL,,1020000184,1,1200000035;203996;204008;204010,4,,,,13.95,0.04,2.16,0.04,13.95,0.04,,,,,,,,,,,,,,,,,,,,,,,,,,,,,,,no
204010,204010,Teegee Cr @ Branch off Driftwood FSR (TAK-5/20001252),PSCIS,RAIL,CBS,BARRIER,,None,356359054,Tributary to Takla Lake,Branch off Driftwood FSR,Stream crossing - CBS,,,Data-deficient barrier,Barrier assessment,,,Yes,Proportion of time,High,,,,,,,,,Habitat confirmation (data deficient structures only),,,,Likely passable at some flows. ,"Bottom of culvert rusted out. Previously blocked by beavers. Good rearing, overwintering and migration corridor. Some sutitable spawning gravels obs downstream .",,20001252,ASSESSED,ROUND,Branch off Driftwood FSR,Unnamed creek,"CBS-rated as barrier, however approximately 50% backwatered at hte time of assessment therefore likely passable at some flows. No action recomended. Bottom of culvert rusted out. old beaver sign, culvert previously blocked by beavers. Abundant CWD. Many deep pools, some undercut banks, instream veg, continuous flow. good rearing, overwintering, and migration corridor. Some suitable spawning gravels observed DS of culvert.",10/27/2025,,,,,,9,684413,6167760,5241,100.567134.179319.815989.532920.881436,100.567134.179319.815989.532920.881436,TAKL,,1020000184,1,1200000035;203996;204008,3,,,,13.91,2.1,2.12,2.1,13.91,2.1,7442,14.03,5,2.806,,8,8,2,5,A,7442,2.22,2,1.11,,13,13,12,13,B,8682,14.03,5,2.806,,10,10,4,6,A,yes
62676,,,PSCIS,"ROAD, DEMOGRAPHIC",OBS,PASSABLE,Tachie Rd,,356347583,,,,,,,,,,,,,,,,,,,,,,,,,,,,24723331,ASSESSED,BRIDGE,Tachie Road,Pinchi Creek,,10/18/2012,,,,,,10,403628,6048582,6320,100.567134.179319.710832,100.567134.179319.710832.133207,STUL,Pinchi Creek,,0,,,,,,8.35,8.35,8.41,8.41,8.41,8.41,,,,,,,,,,,,,,,,,,,,,,,,,,,,,,,no
62678,62678,Trib 2 to Stuart L @ Tachie Rd (62678),PSCIS,"ROAD, DEMOGRAPHIC",CBS,BARRIER,Tachie Rd,,356358456,Tributary to Stuart Lake,Tachie Road,Stream crossing - CBS,,,Data-deficient barrier,Barrier assessment,,,,,Medium,,,,,,,,,Habitat confirmation (data deficient structures only),,,,,Fish obs jumping downstream (juv RB or Redside Shiner) Wood frogs. Water likley seeping through culvert seam - low water flow from inlet/3 of pipe. Culvert damaged.,,24723332,ASSESSED,OVAL,Tachie Road,Unnamed Tributary to Stuart Lake,"CBS-rated as barrier. On the cusp of a potential barrier and rated barrier due to outletdrop measurement of 15cm. Fish observed jumping DS (juvenile rainbow or redside shiner), wood frogs. Low flow of water from inlet to 2/3 of pipe (likely falls through crack/hole at seam. Some old beaver activity (chewed stumps). Culvert damage (erosion, holes along pipe, rusted)",8/13/2025,,,,,,10,392029,6055791,3407,100.567134.179319.780991,100.567134.179319.780991,STUL,,,0,124706;203986;203987;203990,4,,,,0,0,5.01,1.86,5.01,1.86,8682,0,2,0,,,,,,,8682,4.56,2,2.28,,10,10,7,10,A,8992,4.56,2,2.28,,12,12,10,12,B,yes
62682,,,PSCIS,"ROAD, RESOURCE/OTHER",OBS,PASSABLE,Rainbow FSR,,356357268,,,,,,,,,,,,,,,,,,,,,,,,,,,,12600757,ASSESSED,BRIDGE,Rainbow FSR,unnamed tributary to Tezzerone Creek,,10/19/2012,,,,,,10,428453,6089330,9352,100.567134.179319.815989.290384.989223.621436,100.567134.179319.815989.290384.989223.621436.313405,LTRE,,,0,,,,,,7.54,7.54,0,0,7.54,7.54,,,,,,,,,,,,,,,,,,,,,,,,,,,,,,,no
62685,,,PSCIS,"ROAD, RESOURCE/OTHER",OBS,PASSABLE,Tanizul FSR,,356363076,,,,,,,,,,,,,,,,,,,,,,,,,,,,24714980,ASSESSED,BRIDGE,Tanizul FSR,Tachie River,Bridge is 135 m long.,10/20/2012,,,,,,10,384088,6063063,8841,100.567134.179319.815989,100.567134.179319.815989.118411,LTRE,Tachie River,,0,1020000184;1020000927;1020001281;1020001538;1024200019;1200000012;1200000013;1200000014;1200000015;1200000016;1200000017;1200000018;1200000034;1200000035;124601;125788;203995;203996;204008;204010,20,,,,689.08,608.03,3289.84,3186.71,3604.2,3451.06,,,,,,,,,,,,,,,,,,,,,,,,,,,,,,,no
62699,,,PSCIS,"ROAD, RESOURCE/OTHER",OBS,PASSABLE,Hat FSR,,356360979,,,,,,,,,,,,,,,,,,,,,,,,,,,,24714975,ASSESSED,BRIDGE,Hat Lake Road,Tezzeron Creek,,10/22/2012,,,,,,10,421936,6070343,34051,100.567134.179319.815989.290384.989223,100.567134.179319.815989.290384.989223.342989,LTRE,Tezzeron Creek,,0,1200000034;124601,2,,,,37.45,31.95,0,0,37.45,31.95,,,,,,,,,,,,,,,,,,,,,,,,,,,,,,,no
62781,,,PSCIS,"ROAD, RESOURCE/OTHER",OBS,PASSABLE,,,356360979,,,,,,,,,,,,,,,,,,,,,,,,,,,,24714979,ASSESSED,BRIDGE,Inzana North,Tezzeron Creek,Tezzeron Creek is known to contain RB and BB; concrete deck,10/24/2012,,,,,,10,423246,6084084,65514,100.567134.179319.815989.290384.989223,100.567134.179319.815989.290384.989223.662724,LTRE,Tezzeron Creek,,0,1200000034,1,,,,5.56,0.71,0,0,5.56,0.71,,,,,,,,,,,,,,,,,,,,,,,,,,,,,,,no
,1024727615,,,,,,,,,MacLaing Creek,FSR 7785.06,None,,,Excluded structure,Other,No structure,Local knowledge,,,,,,,,,,,,,,,,Confirmed no structure during trib-by-trib review,,,,,,,,,,,,,,,,,,,,,,,,,,,,,,,,,,,,,,,,,,,,,,,,,,,,,,,,,,,,,,,,,,no
,1020000195,TAK-10,,,,,,,,Bates Creek,Unnamed,None,,,Excluded structure,Barrier assessment,No structure,Field assessment,,,,,,,,,,,,,,,,No structure,Some log jams present but do not impede flow,,,,,,,,,,,,,,,,,,,,,,,,,,,,,,,,,,,,,,,,,,,,,,,,,,,,,,,,,,,,,,,,,no
,1020001125,TAK-13,,,,,,,,Unnamed,Driftwood FSR,None,,,Excluded structure,Barrier assessment,No structure,Field assessment,,,,,,,,,,,,,,,,No structure,Deactivated culvert in ditch holding water. No barrier/stream crossing.,,,,,,,,,,,,,,,,,,,,,,,,,,,,,,,,,,,,,,,,,,,,,,,,,,,,,,,,,,,,,,,,,no
,1020000192,TAK-6,,,,,,,,Tributary to Cheztainya Lake,Old Driftwood Road,None,,,Excluded structure,Barrier assessment,No structure,Field assessment,,,,,,,,,,,,,,,,No structure,Deactivated bridge,,,,,,,,,,,,,,,,,,,,,,,,,,,,,,,,,,,,,,,,,,,,,,,,,,,,,,,,,,,,,,,,,no
,1020001309,Frypan Cr @ (1020001309),,,,,,,,,,None,,,Excluded structure,,No structure,Local knowledge,,,,,,,,,,,,,,,,Modeled crossing is on a road that was never built,,,,,,,,,,,,,,,,,,,,,,,,,,,,,,,,,,,,,,,,,,,,,,,,,,,,,,,,,,,,,,,,,,no
,1013500133,SAK-2,,,,,,,,Bivouac Ceek,900 FSR,None,,,Excluded structure,Barrier assessment,No structure,Field assessment,,,,,,,,,,,,,,,,No structure,Deactivated road,,,,,,,,,,,,,,,,,,,,,,,,,,,,,,,,,,,,,,,,,,,,,,,,,,,,,,,,,,,,,,,,,no
,1013500137,KAZ-2,,,,,,,,Leo Creek,300 Road,None,,,Excluded structure,Barrier assessment,No structure,Field assessment,,,,,,,,,,,,,,,,No structure,Deactivated road,,,,,,,,,,,,,,,,,,,,,,,,,,,,,,,,,,,,,,,,,,,,,,,,,,,,,,,,,,,,,,,,,no
,1020001718,SAK-6,,,,,,,,Dust Creek,Unnamed (1 km hike off Tim FSR),None,,,Excluded structure,Barrier assessment,No structure,Field assessment,,,,,,,,,,,,,,,,No structure,No structure or evidence of past structure,,,,,,,,,,,,,,,,,,,,,,,,,,,,,,,,,,,,,,,,,,,,,,,,,,,,,,,,,,,,,,,,,no
,1024723775,,,,,,,,,Ankwill Creek,Ankwill FSR,None,,,Excluded structure,Other,No structure,Local knowledge,,,,,,,,,,,,,,,,Confirmed no structure during trib-by-trib review,,,,,,,,,,,,,,,,,,,,,,,,,,,,,,,,,,,,,,,,,,,,,,,,,,,,,,,,,,,,,,,,,,no
,1020001391,Lovell Cr @ unnamed FSR 2 (1020001391),,,,,,,,,,None,,,Excluded structure,,No structure,Local knowledge,,,,,,,,,,,,,,,,Modeled structure is based on a road that was never built,,,,,,,,,,,,,,,,,,,,,,,,,,,,,,,,,,,,,,,,,,,,,,,,,,,,,,,,,,,,,,,,,,no
,1013500985,ELL-1,,,,,,,,Elliot Lake tributary,Branch off 300 Road,None,,,Excluded structure,Barrier assessment,No structure,Field assessment,,,,,,,,,,,,,,,,no structure,,,,,,,,,,,,,,,,,,,,,,,,,,,,,,,,,,,,,,,,,,,,,,,,,,,,,,,,,,,,,,,,,,no
,1024200092,TAR-2,,,,,,,,Tarnezell Creek,Branch off Tanizul FSR,None,,,Excluded structure,Barrier assessment,No structure,Field assessment,,,,,,,,,,,,,,,,No structure,"Old, deactivated road, grown in. No structure.",,,,,,,,,,,,,,,,,,,,,,,,,,,,,,,,,,,,,,,,,,,,,,,,,,,,,,,,,,,,,,,,,no
,ANK-02B,ANK-02B,,,,,,,,Tributary to Driftwood River,Ankwill Creek Road,None,,,Excluded structure,Barrier assessment,No structure,Field assessment,,,,,,,,,,,,,,,,No structure,Deactivated bridge,,,,,,,,,,,,,,,,,,,,,,,,,,,,,,,,,,,,,,,,,,,,,,,,,,,,,,,,,,,,,,,,,no
,1020001291,FAL-1,,,,,,,,Teegee Creek,Old Fall Road,None,,,Excluded structure,Barrier assessment,No structure,Field assessment,,,,,,,,,,,,,,,,No structure,Deactivated bridge,,,,,,,,,,,,,,,,,,,,,,,,,,,,,,,,,,,,,,,,,,,,,,,,,,,,,,,,,,,,,,,,,no
,1019301201,1-Mar,,,,,,,,Marie Creek,Budd FSR,None,,,Excluded structure,Barrier assessment,No structure,Field assessment,,,,,,,,,,,,,,,,No structure,Deactivated road,,,,,,,,,,,,,,,,,,,,,,,,,,,,,,,,,,,,,,,,,,,,,,,,,,,,,,,,,,,,,,,,,no
,1020001700,Lovell Cr @ unnamed FSR 1 (1020001700),,,,,,,,,,None,,,Excluded structure,,No structure,Local knowledge,,,,,,,,,,,,,,,,Modeled crossing is based on a road that was never built ,,,,,,,,,,,,,,,,,,,,,,,,,,,,,,,,,,,,,,,,,,,,,,,,,,,,,,,,,,,,,,,,,,no
,1012600263,GER-2,,,,,,,,Cripple Creek,Germansen Landing,None,,,Excluded structure,Barrier assessment,No structure,Field assessment,,,,,,,,,,,,,,,,No structure,,,,,,,,,,,,,,,,,,,,,,,,,,,,,,,,,,,,,,,,,,,,,,,,,,,,,,,,,,,,,,,,,,no
,1020001828,SAK-4,,,,,,,,Tributary to MacDougall Creek,MacDougall Creek Road,None,,,Excluded structure,Barrier assessment,No structure,Field assessment,,,,,,,,,,,,,,,,No structure,Deactivated bridge,,,,,,,,,,,,,,,,,,,,,,,,,,,,,,,,,,,,,,,,,,,,,,,,,,,,,,,,,,,,,,,,,no
