Barrier ID,Site Name,Watershed Name ,Structure Type,Assessment Step Completed,Next Step,Reason,Notes ,Supporting Links
124706,Trib 1 to Stuart Lk @ Leo FSR (124706),Stuart Lake,Stream crossing - CBS,Barrier assessment,Habitat confirmation (data deficient structures only),Barrier. Currently passable due to backwater from beaver dam but likely to change when beaver dam blows out. ,,
125788,Natazutlo Cr @ Kazchek FSR (125788),Middle River,Stream crossing - CBS,Barrier assessment,Habitat confirmation (data deficient structures only),,Shallow riffles and some suitable spawning substrate obs near crossing. Beaver dam 20 m upstream causing ponding. Good overwintering (deep pools),
203986,Trib 1 to Stuart Lk @ Branch off Leo FSR (LEO-3/19302252),Stuart Lake,Stream crossing - CBS,Barrier assessment,Habitat confirmation (data deficient structures only),,"Two culverts , all flow in LB Cv. LB Cv=1.2Wx21.9H ; RB Cv=1.2Wx22H. Railway track and fill removed down to Cv and replaced w/ riprap. Flow discharges onto riprap, no outlet pool. Breached upstream beaverdam. Low flow, lacking deep pools, undercut banks and spawning gravel. Channel width unknown due to lack of continuous defined banks; has likely been ditched - lower LB cv used as 1.2 m diameter",
203987,Trib 1 to Stuart Lk @ Branch of Leo FSR (LEO-2/19300003),Stuart Lake,Stream crossing - CBS,Barrier assessment,Habitat confirmation (data deficient structures only),,Scores as barrier but culverts are backwatered and passable to fish. Sucker fry observed upstream. Limited deep pools and absence of functional cover.,
203990,Trib 1 to Stuart Lk @ Branch of Leo FSR (LEO-1/19301000),Stuart Lake,Stream crossing - CBS,Barrier assessment,Habitat confirmation (data deficient structures only),Two culverts with no flow. Appears to be ephemeral with some potential rearing value. No spawning potential - substrates are fines. Modeled as SK spawning only.,,
203995,MacDougall Cr @ 900 FSR (SAK-3/20001205),Takla Lake,Stream crossing - CBS,Barrier assessment,Habitat confirmation (data deficient structures only),"Barrier, likely passable to some species and life stages but would be improved with embedment or OBS. ","Moderate value with suitable spawning gravels mixed with cobbles, rearing potential present. Lowe overwintering potential except in plunge pool.",
204008,Teegee Cr @ Driftwood FSR (TAK-7/20000644),Takla Lake,Stream crossing - CBS,Barrier assessment,Habitat confirmation (data deficient structures only),Barrier,High beaver activity. Upstream ponded and stagnant. Lack of continous banks downstream. No suitable spawning gravels 50 m downstream. ,
204010,Teegee Cr @ Branch off Driftwood FSR (TAK-5/20001252),Takla Lake,Stream crossing - CBS,Barrier assessment,Habitat confirmation (data deficient structures only),Likely passable at some flows. ,"Bottom of culvert rusted out. Previously blocked by beavers. Good rearing, overwintering and migration corridor. Some suitable spawning gravels obs downstream.",
62678,Trib 2 to Stuart L @ Tachie Rd (62678),Stuart Lake,Stream crossing - CBS,Barrier assessment,Habitat confirmation (data deficient structures only),,Fish obs jumping downstream (juv RB or Redside Shiner) Wood frogs. Water likley seeping through culvert seam - low water flow from inlet/3 of pipe. Culvert damaged.,
